host,run_id,steps,seed,final_gap,final_train_loss,final_val_loss,path,sha256
3602,nglab3x_input_v5_freq10_fixed,2000,42,0.267916738986969,3.0469560623168945,3.3148728013038635,/tmp/ngram_gap_remote_summaries_all2/3602/nglab3x_input_v5_freq10_fixed/summary.json,f9ec42bff09f032c4f5686c19337fd6f10bde38599505981a8724d488416c760
3602,causalv5m_mask_low_le4_e1_fixed,1000,42,1.045738697052002,3.185654878616333,4.231393575668335,/tmp/ngram_gap_remote_summaries_all2/3602/causalv5m_mask_low_le4_e1_fixed/summary.json,3b8c452b1225945b97650ee6c1984fb98d783fe634be66e4cbcf36eccb3b77a0
3602,netv5_y_lastep_128x_fixed,2000,42,0.2239343523979187,3.131845235824585,3.3557795882225037,/tmp/ngram_gap_remote_summaries_all2/3602/netv5_y_lastep_128x_fixed/summary.json,c0f3f4f2983af5b5bf8954fc245c5c2cf91203a22cdde077ebdb58b9aa60d962
3602,causalv5m2_mask_high_t100_e1_fixed,1000,42,2.785659909248352,3.5317556858062744,6.3174155950546265,/tmp/ngram_gap_remote_summaries_all2/3602/causalv5m2_mask_high_t100_e1_fixed/summary.json,27ca69ac8a6a50d09470fb8f355050c708f2f104b9d3f34e9f2ae359a6fc5dff
3602,nglab1x_y_v2_fixed,2000,42,5.866180777549744,1.0745857954025269,6.9407665729522705,/tmp/ngram_gap_remote_summaries_all2/3602/nglab1x_y_v2_fixed/summary.json,1885e9bafbed47534cf0dd12f199020efe443d3beedcde8885b0253cc6cc9822
3602,causalv5m3_freeze_backbone_e3_fixed,2022,42,3.3887147903442383,1.8755168914794922,5.2642316818237305,/tmp/ngram_gap_remote_summaries_all2/3602/causalv5m3_freeze_backbone_e3_fixed/summary.json,f97e0eb388588539c6f127afc95746b031063879e805d95cc2a903f50cea95f5
3602,optv5_rms_b0995_s2p0_s44_2000_fixed,2000,44,5.680810332298279,0.9006682634353638,6.581478595733643,/tmp/ngram_gap_remote_summaries_all2/3602/optv5_rms_b0995_s2p0_s44_2000_fixed/summary.json,ebdfb0ff76fb6038146ead0f4bcccf818911114567cccbadfc146a48e7c9ba05
3602,optv5d_rms_b099_s8p0_fixed,1000,42,2.432146906852722,2.6651296615600586,5.097276568412781,/tmp/ngram_gap_remote_summaries_all2/3602/optv5d_rms_b099_s8p0_fixed/summary.json,8697f7626f5e3c34a09dcc356ef269e524d53c0ed8ed6f831fce2ed49a2b54bd
3602,mlv5_v_L1357_fd_fixed,2000,42,7.063616439700127,0.16403277218341827,7.227649211883545,/tmp/ngram_gap_remote_summaries_all2/3602/mlv5_v_L1357_fd_fixed/summary.json,e8d1597423889b794d2c98380b12fa608c5488aa1eb53cc9bf037c4c6c836e97
3602,optv5f_rms_b0999_s64p0_fixed,1000,42,2.607195019721985,2.6409265995025635,5.248121619224548,/tmp/ngram_gap_remote_summaries_all2/3602/optv5f_rms_b0999_s64p0_fixed/summary.json,ea1dada7d4892c7606bc204e1f8597e163b77836dbde3ca4755ffb2801b0671e
3602,optv5_rms_b098_s1p0_fixed,1000,42,0.7683136463165283,3.33367657661438,4.101990222930908,/tmp/ngram_gap_remote_summaries_all2/3602/optv5_rms_b098_s1p0_fixed/summary.json,94737491f2c46158fa880248f29aa8ee7e47db82fae2c5da0d61c87b490e216b
3602,optv5_adamw_b099_s2p0_fixed,1000,42,1.5032086372375488,2.911327600479126,4.414536237716675,/tmp/ngram_gap_remote_summaries_all2/3602/optv5_adamw_b099_s2p0_fixed/summary.json,1b9be48448af45d3d9bbf11efc0c3255db9ce98443609c489ca51d4e29b52ef5
3602,causalv5m_mask_high_t50_e1_128x_fixed,1000,42,2.6856155395507812,3.7948803901672363,6.480495929718018,/tmp/ngram_gap_remote_summaries_all2/3602/causalv5m_mask_high_t50_e1_128x_fixed/summary.json,c0c1506fd371b68f2fbe626c06549335ba5e1c800a0a1330144328cc13a76348
3602,optv5_sgd_m0_s2p0_fixed,1000,42,0.050739407539367676,3.7977964878082275,3.848535895347595,/tmp/ngram_gap_remote_summaries_all2/3602/optv5_sgd_m0_s2p0_fixed/summary.json,6b00c11943eccc07a3dba1f2c254c4ca6545cebc24649a5cdedd363d470dc50d
3602,s1v5_128_y_ep_bi_1p5xL4_3ep_fixed,1518,42,1.5359139442443848,2.765031337738037,4.300945281982422,/tmp/ngram_gap_remote_summaries_all2/3602/s1v5_128_y_ep_bi_1p5xL4_3ep_fixed/summary.json,0fe82226147cee0dfa185476cf851d50554ab93dd07e9172436a4a68b6258db1
3602,nglab1x_input_v5_s44_fixed,2000,44,5.515332221984863,0.951528787612915,6.466861009597778,/tmp/ngram_gap_remote_summaries_all2/3602/nglab1x_input_v5_s44_fixed/summary.json,b885b9e1f87e047e223d94c3e633e639538ea995836c2567716b33d311b52bbc
3602,optv5_rms_b0995_s1p0_fixed,1000,42,0.9657769203186035,3.211463451385498,4.177240371704102,/tmp/ngram_gap_remote_summaries_all2/3602/optv5_rms_b0995_s1p0_fixed/summary.json,1a72bed6dccc4e00e5ccb3b3de22c2bc4fec9536db9e4a2d5f7a748fe2053b9f
3602,s1v5_128_y_ep_bi_1xL4_10ep_fixed,3370,42,4.858396649360657,1.359961748123169,6.218358397483826,/tmp/ngram_gap_remote_summaries_all2/3602/s1v5_128_y_ep_bi_1xL4_10ep_fixed/summary.json,f6f6599adc69366bea8b7cd7497b28f3eae1b731f2a73522161a5f533e0f408f
3602,s1v5_128_v_tbl_bi1_R41000_fixed,1000,42,0.15669989585876465,3.3952088356018066,3.5519087314605713,/tmp/ngram_gap_remote_summaries_all2/3602/s1v5_128_v_tbl_bi1_R41000_fixed/summary.json,62d69f885ed6da5d85153ded6ce47c746a77265b3c3ac38ff33a35532acf7818
3602,optv5c_rms_b099_s2p0_r1_fixed,1000,42,1.5506978034973145,2.882657289505005,4.433355093002319,/tmp/ngram_gap_remote_summaries_all2/3602/optv5c_rms_b099_s2p0_r1_fixed/summary.json,a55ace785a14c0cc31be43d8c801030a13f684cb335a8deea8d19dc2672bf122
3602,mlv5_y_L1357_fd_fixed,2000,42,5.256213665008545,1.2592159509658813,6.515429615974426,/tmp/ngram_gap_remote_summaries_all2/3602/mlv5_y_L1357_fd_fixed/summary.json,7a018dad6315c8784a82926d48f0d839e929588c6407bc396568035c190edd25
3602,nglab1x_y_v5_s43_fixed,2000,43,3.2773109674453735,1.9296983480453491,5.207009315490723,/tmp/ngram_gap_remote_summaries_all2/3602/nglab1x_y_v5_s43_fixed/summary.json,9ac91f0a5ad63f32ce42573e6e34ac5912159d0585bcf467057d66c6966f1664
3602,s1v5_128_v_ep_bi_0p3333xL4_3ep_fixed,336,42,0.7475651502609253,3.93414568901062,4.681710839271545,/tmp/ngram_gap_remote_summaries_all2/3602/s1v5_128_v_ep_bi_0p3333xL4_3ep_fixed/summary.json,7d6403118935cd5cc20487a30c5131925e33269481177d5c7535b43f8108d3e3
3602,causalv5m3_freeze_backbone_e1_fixed,2022,42,1.5852665901184082,3.2794368267059326,4.864703416824341,/tmp/ngram_gap_remote_summaries_all2/3602/causalv5m3_freeze_backbone_e1_fixed/summary.json,95a160ad4411f385673b00c074728400b9d7d36a3bbec7de2a5f57527aacb3dc
3602,causalv5m3_hash_reseed_e2_fixed,2022,42,4.201724648475647,1.6413183212280273,5.843042969703674,/tmp/ngram_gap_remote_summaries_all2/3602/causalv5m3_hash_reseed_e2_fixed/summary.json,524ed441afe010c4db4d53a1aba47dbdbd2f74d55b1a39ca8bd1da6bde940cf0
3602,optv5c_rms_b099_s1p0_fixed,1000,42,0.858302116394043,3.264625072479248,4.122927188873291,/tmp/ngram_gap_remote_summaries_all2/3602/optv5c_rms_b099_s1p0_fixed/summary.json,022a516eb6b6dc1edab23aea95881726a8051787b26a49a1362f25ddbac7c1d5
3602,s1v5_128_y_ep_bi_1p75xL4_3ep_fixed,1770,42,2.120509386062622,2.459401845932007,4.579911231994629,/tmp/ngram_gap_remote_summaries_all2/3602/s1v5_128_y_ep_bi_1p75xL4_3ep_fixed/summary.json,f24ba9a4a79a2335feceab400832cfda108064c20d4c483bcbe1dc62f0265a08
3602,optv5_rms_b099_s3p0_curve_fixed,1000,42,1.89546799659729,2.7844650745391846,4.679933071136475,/tmp/ngram_gap_remote_summaries_all2/3602/optv5_rms_b099_s3p0_curve_fixed/summary.json,8d91a48f9ff524d7c1caac1f055bad775ee8f5f61b4465b0700a575bbeec01d3
3602,causalv5m3_wd03_fixed,2022,42,5.609013319015503,1.2835602760314941,6.892573595046997,/tmp/ngram_gap_remote_summaries_all2/3602/causalv5m3_wd03_fixed/summary.json,6e8e5135c21c5b5d24faf10e6a2193726e153aad79518f9239e198cf9af59814
3602,nglab1x_y_v4_fixed,2000,42,5.673980951309204,1.8888108730316162,7.56279182434082,/tmp/ngram_gap_remote_summaries_all2/3602/nglab1x_y_v4_fixed/summary.json,d7db4e384845ed745950be1c717d37e4f45fe01c8f7e153e89e387aea67a6c75
3602,nglab_smoke_v4_fixed,30,42,0.004637241363525391,7.401296138763428,7.405933380126953,/tmp/ngram_gap_remote_summaries_all2/3602/nglab_smoke_v4_fixed/summary.json,278269adcf72cb6af4c9ba9c9b6c703fe3b6cb87f32a95d0f15b2bb0a77c1bcb
3602,netv5_input_reseed_eall_128x_fixed,2000,42,0.04110252857208252,4.114401340484619,4.155503869056702,/tmp/ngram_gap_remote_summaries_all2/3602/netv5_input_reseed_eall_128x_fixed/summary.json,66d7569adfb6d1bce34ca1183715c727fe4e5210c9ff1a88939e275a9365dae7
3602,s1v5_128_tri_masklowf8_e1_fixed,1000,42,0.414526104927063,3.74029278755188,4.154818892478943,/tmp/ngram_gap_remote_summaries_all2/3602/s1v5_128_tri_masklowf8_e1_fixed/summary.json,933504c5b045b619fa6b853dab416be1945e52eb7dfe7eeafd02fe7ccd56a436
3602,s1v5_128_y_ep_bi_0p3333xL4_3ep_fixed,336,42,1.2358521223068237,3.6372711658477783,4.873123288154602,/tmp/ngram_gap_remote_summaries_all2/3602/s1v5_128_y_ep_bi_0p3333xL4_3ep_fixed/summary.json,5148c9eaedfadcab698603659a5f707db71cb999e5e8d3cf34f760f9a0f5798c
3602,nglab8x_input_v5_128x_freq10_fixed,2000,42,-0.054738402366638184,3.686049699783325,3.631311297416687,/tmp/ngram_gap_remote_summaries_all2/3602/nglab8x_input_v5_128x_freq10_fixed/summary.json,1492435f488b3d4ec37d4a40f196e19efa82b16056c339b7b146e28dff6e8986
3602,s1v5_128_y_ep_bi_0p5xL4_3ep_fixed,504,42,1.0782792568206787,3.539264440536499,4.617543697357178,/tmp/ngram_gap_remote_summaries_all2/3602/s1v5_128_y_ep_bi_0p5xL4_3ep_fixed/summary.json,4519e1bc3cc0e03cb0726c67408aaa2d73ca0314d074a94fb8cf255783869b41
3602,nglab1x_reset_e2_v5_fixed,1000,42,0.06678634881973267,3.676490068435669,3.7432764172554016,/tmp/ngram_gap_remote_summaries_all2/3602/nglab1x_reset_e2_v5_fixed/summary.json,6f7095a3b031df9c98e1645765531cb26c57ee20a337fb912b82483f52315350
3602,s1v5_128_v_ep_bi_1p75xL4_3ep_fixed,1770,42,3.83541738986969,1.6806988716125488,5.516116261482239,/tmp/ngram_gap_remote_summaries_all2/3602/s1v5_128_v_ep_bi_1p75xL4_3ep_fixed/summary.json,15df16100976f23d2835a86a56062f49daf8ee6adddce8e269aef31dde83c738
3602,s1v5_128_v_tbl_bi1_R56000_fixed,1000,42,0.20083481073379517,3.3659913539886475,3.5668261647224426,/tmp/ngram_gap_remote_summaries_all2/3602/s1v5_128_v_tbl_bi1_R56000_fixed/summary.json,eb73f496c7e8a9bf3b422fcb6f85134c93c7e9b769505cb6599b8b5e3b866415
3602,s1v5_128_tri_masklowf2_e1_fixed,1000,42,0.8546669483184814,3.7558915615081787,4.61055850982666,/tmp/ngram_gap_remote_summaries_all2/3602/s1v5_128_tri_masklowf2_e1_fixed/summary.json,cf864c94ae1369f5a1cacd7eb1915502b948de19297e88387ed45fe61d6e4345
3602,nglab2_5x_input_v5_freq10_fixed,2000,42,0.8434430360794067,2.7188560962677,3.562299132347107,/tmp/ngram_gap_remote_summaries_all2/3602/nglab2_5x_input_v5_freq10_fixed/summary.json,76f129a9a2698c2a7e324751a74cb6a50095db2a0f807b1f299b62fb9d1a4a02
3602,netv5_v_reseed_eall_128x_fixed,2000,42,0.19607681035995483,3.0209994316101074,3.2170762419700623,/tmp/ngram_gap_remote_summaries_all2/3602/netv5_v_reseed_eall_128x_fixed/summary.json,4476b8a0e448a2ddff16c15f683dc9eebbc2ed1d3255aa377542b9e67773467c
3602,s1v5_128_v_tbl_bi1_R10_fixed,1000,42,0.02054065465927124,3.5570547580718994,3.5775954127311707,/tmp/ngram_gap_remote_summaries_all2/3602/s1v5_128_v_tbl_bi1_R10_fixed/summary.json,3349b15bcaf451d113632ab4c8f2d6311ad4242004cb93c4e978b148cda80380
3602,causalv5m2_mask_high_t400_e1_fixed,1000,42,2.793478012084961,3.0544469356536865,5.8479249477386475,/tmp/ngram_gap_remote_summaries_all2/3602/causalv5m2_mask_high_t400_e1_fixed/summary.json,e8a97fe68fcedd51d4c40eb5c124b41234efe951a21f4170968dcaf3ec460307
3602,optv5g_rms_b099_s2p0_constant_fixed,1000,42,0.5339888334274292,4.032242774963379,4.566231608390808,/tmp/ngram_gap_remote_summaries_all2/3602/optv5g_rms_b099_s2p0_constant_fixed/summary.json,1d2dc5c088de6f5d411a0bacf5caff46fd5c77db17f992cead130da917e8cab8
3602,optv5_rms_b099_s2p0_s44_2000_fixed,2000,44,5.457757294178009,0.9673183560371399,6.425075650215149,/tmp/ngram_gap_remote_summaries_all2/3602/optv5_rms_b099_s2p0_s44_2000_fixed/summary.json,dc288396070270dea61f839bb490e26b485b7090708d57decf855a172efef218
3602,s1v5_128_v_tbl_bi1_R1719000_fixed,1000,42,1.689418077468872,2.6736130714416504,4.3630311489105225,/tmp/ngram_gap_remote_summaries_all2/3602/s1v5_128_v_tbl_bi1_R1719000_fixed/summary.json,a9a2819415315ddf316fc57eb6e41cce25593efdac54cf305e3314e750554ee9
3602,optv5f_rms_b0999_s64p0_2k_fixed,2000,42,5.425055265426636,1.329453945159912,6.754509210586548,/tmp/ngram_gap_remote_summaries_all2/3602/optv5f_rms_b0999_s64p0_2k_fixed/summary.json,ed2a536a747b5e325ae108714fc9d5b68167fe7ad0d302cf423e4c0a34e54fe2
3602,optv5f_rms_b099_s128p0_2k_fixed,2000,42,5.724029898643494,1.2291594743728638,6.953189373016357,/tmp/ngram_gap_remote_summaries_all2/3602/optv5f_rms_b099_s128p0_2k_fixed/summary.json,9c148529ac2d0a27ec72d58ce76344f563d78209080c6601157f3de7f63c7e45
3602,causalv5m2_mask_high_t12800_e1_fixed,1000,42,2.7223243713378906,2.568190813064575,5.290515184402466,/tmp/ngram_gap_remote_summaries_all2/3602/causalv5m2_mask_high_t12800_e1_fixed/summary.json,cbf36cc9d284f2b2e67b03705df75959a648972ee566efc76821e18b38523a2e
3602,causalv5m3_freeze_table_e2_fixed,2022,42,5.386038541793823,1.1800020933151245,6.566040635108948,/tmp/ngram_gap_remote_summaries_all2/3602/causalv5m3_freeze_table_e2_fixed/summary.json,6248b311a2a03b05e0eb10a83496a9f72136c457c132a534f414413d559baf63
3602,causalv5m2_mask_high_t10_e1_fixed,1000,42,2.290636420249939,4.265463352203369,6.556099772453308,/tmp/ngram_gap_remote_summaries_all2/3602/causalv5m2_mask_high_t10_e1_fixed/summary.json,ce6584a0f0e4034478b16b64ee3591ad49e693868fe3c3e6974c1220089bdcef
3602,nglab6x_input_v5_128x_freq10_fixed,2000,42,-0.0870022177696228,3.70125150680542,3.614249289035797,/tmp/ngram_gap_remote_summaries_all2/3602/nglab6x_input_v5_128x_freq10_fixed/summary.json,cc488e834e9c2cc963d8845cd8a700063340973db40a6b8529fb811bb514657b
3602,optv5_rms_b0995_s2p0_fixed,1000,42,1.6072593927383423,2.8871688842773438,4.494428277015686,/tmp/ngram_gap_remote_summaries_all2/3602/optv5_rms_b0995_s2p0_fixed/summary.json,79898178ca663b06e54e5d17351a3b387242d0ba4951637f219e09cde4e862ff
3602,optv5c_rms_b099_s3p0_fixed,1000,42,1.88608717918396,2.7592947483062744,4.645381927490234,/tmp/ngram_gap_remote_summaries_all2/3602/optv5c_rms_b099_s3p0_fixed/summary.json,57cc18394dbe7307caf4dbcb22ddaa3f5675f634ac27d7dd2d16c90aa8282615
3602,mlv5_y_L17_fd_fixed,2000,42,5.167741656303406,1.2581783533096313,6.425920009613037,/tmp/ngram_gap_remote_summaries_all2/3602/mlv5_y_L17_fd_fixed/summary.json,3ef928082abe25e3cbdabe9a6dced33b1105b882b375211747b97f2a6e014bef
3602,s1v5_128_y_ep_bi_0p75xL4_3ep_fixed,759,42,0.937485933303833,3.3426835536956787,4.280169486999512,/tmp/ngram_gap_remote_summaries_all2/3602/s1v5_128_y_ep_bi_0p75xL4_3ep_fixed/summary.json,e66660abb426e336eb64f4e578015f7282e8a27fbf7a510ebc4c4de4518bf13f
3602,optv5_rms_b099_s2p0_s43_2000_fixed,2000,43,5.681239902973175,0.8782705664634705,6.5595104694366455,/tmp/ngram_gap_remote_summaries_all2/3602/optv5_rms_b099_s2p0_s43_2000_fixed/summary.json,3d59ca46cb5606e578168b592645550d54f924c4d50d008c4255215938029b9c
3602,causalv5m_mask_high_t0_e1_128x_fixed,1000,42,1.9311068058013916,3.860978364944458,5.79208517074585,/tmp/ngram_gap_remote_summaries_all2/3602/causalv5m_mask_high_t0_e1_128x_fixed/summary.json,f15b52eb84c8ca093313fb73722fc3b347b6c2378c0b01c750aa374edffdf729
3602,causalv5m2_mask_high_t1_e1_fixed,1000,42,1.927013874053955,3.8670740127563477,5.794087886810303,/tmp/ngram_gap_remote_summaries_all2/3602/causalv5m2_mask_high_t1_e1_fixed/summary.json,c7fcd0b603e7b45d89da612018d08d1312ebfdfddd0eb296d34df27c1928f474
3602,s1v5_128_v_ep_bi_0p75xL4_3ep_fixed,759,42,1.2914879322052002,3.0425543785095215,4.334042310714722,/tmp/ngram_gap_remote_summaries_all2/3602/s1v5_128_v_ep_bi_0p75xL4_3ep_fixed/summary.json,545023752d4be7a2d86786bc4ab61de32e61b3de6e6c18fb4a22ef467d1282b1
3602,optv5_rms_b095_s2p0_fixed,1000,42,1.2386354207992554,3.047935962677002,4.286571383476257,/tmp/ngram_gap_remote_summaries_all2/3602/optv5_rms_b095_s2p0_fixed/summary.json,f00c3d7265fdba2e78f88d033248abeffd81d7b76bb46670147a7a36f9ccac33
3602,s1v5_128_v_tbl_bi1_R100_fixed,1000,42,0.026967883110046387,3.5484535694122314,3.575421452522278,/tmp/ngram_gap_remote_summaries_all2/3602/s1v5_128_v_tbl_bi1_R100_fixed/summary.json,06cb277ad3f1ed0a513e070d5e4bafa460bd940633debe39dad91a5cd0d372bb
3602,s1v5_128_v_ep_bi_1p5xL4_3ep_fixed,1518,42,2.972333073616028,2.045311689376831,5.017644762992859,/tmp/ngram_gap_remote_summaries_all2/3602/s1v5_128_v_ep_bi_1p5xL4_3ep_fixed/summary.json,b5de56cb8a0cba0c1651e950be0cada1f4f975ae33d547b95ce1134514bb9f60
3602,s1v5_128_tri_masklowf4_e1_fixed,1000,42,0.6256939172744751,3.7436816692352295,4.369375586509705,/tmp/ngram_gap_remote_summaries_all2/3602/s1v5_128_tri_masklowf4_e1_fixed/summary.json,04ab4b89da7d5ab2473f8885695823fa7ac8aa7436f26c0dff0be975ac4232e0
3602,nglab0_5x_input_v2_fixed,2000,42,5.169526100158691,2.0347537994384766,7.204279899597168,/tmp/ngram_gap_remote_summaries_all2/3602/nglab0_5x_input_v2_fixed/summary.json,e640c88b356025c7b52d5918b3b90754072cd6103ac5e3c7342496e0de48b841
3602,ctbl_dim48_input_v5_fixed,1000,42,0.3635632395744324,3.443223714828491,3.8067869544029236,/tmp/ngram_gap_remote_summaries_all2/3602/ctbl_dim48_input_v5_fixed/summary.json,0ff663425f7f472094193f66c189774e9b59f1fddb06fa386f908e9b78e53568
3602,ffqv5_freeze_both_e2_10ep_fixed,3370,42,3.075888514518738,1.6897550821304321,4.76564359664917,/tmp/ngram_gap_remote_summaries_all2/3602/ffqv5_freeze_both_e2_10ep_fixed/summary.json,89ba1a2720fa81a76a5e9a2018a5f8ba4d6acafc0d2dbfb164c0d375cf027355
3602,nglab1x_y_v3_fixed,2000,42,5.739236354827881,1.1544348001480103,6.893671154975891,/tmp/ngram_gap_remote_summaries_all2/3602/nglab1x_y_v3_fixed/summary.json,21f44b1c473dea06bf1b8e4372b371944e5697ace533484831f1a6e1137f8c47
3602,causalv5m3_freeze_backbone_e2_fixed,2022,42,2.504702568054199,2.407165050506592,4.911867618560791,/tmp/ngram_gap_remote_summaries_all2/3602/causalv5m3_freeze_backbone_e2_fixed/summary.json,89aadc0249c84f4ac080b5786a5b12c2c998062ec306c22ac9474955ff3c5223
3602,optv5_rms_b099_s4p0_fixed,1000,42,2.083148241043091,2.7215332984924316,4.8046815395355225,/tmp/ngram_gap_remote_summaries_all2/3602/optv5_rms_b099_s4p0_fixed/summary.json,d3e31aac81eae91b36dee68c86f49ac4c8d527af3914355ede67c5c3b6b9370b
3602,causalv5m_mask_high_t10_e1_128x_fixed,1000,42,2.333987236022949,4.264360427856445,6.5983476638793945,/tmp/ngram_gap_remote_summaries_all2/3602/causalv5m_mask_high_t10_e1_128x_fixed/summary.json,d91bdc2436514c70a0d616e9c7e1b36df2504bb2b3081de02f0faf3f41926613
3602,nglab_smoke_v3_fixed,100,42,0.013981461524963379,6.6485676765441895,6.662549138069153,/tmp/ngram_gap_remote_summaries_all2/3602/nglab_smoke_v3_fixed/summary.json,8d884851adc2224f62891954372886b6c37dd8376cb0dc39cda4b3d6e534a100
3602,optv5f_rms_b0999_s32p0_2k_r1_fixed,2000,42,5.561536192893982,1.2718195915222168,6.833355784416199,/tmp/ngram_gap_remote_summaries_all2/3602/optv5f_rms_b0999_s32p0_2k_r1_fixed/summary.json,2eb24b5bad05186cd6f5eb0a4aabe6251946d89b9392cf2e8f5919f6fe431296
3602,nglab6x_input_v5_freq10_fixed,2000,42,-0.08816677331924438,3.2734673023223877,3.1853005290031433,/tmp/ngram_gap_remote_summaries_all2/3602/nglab6x_input_v5_freq10_fixed/summary.json,ff1ac77140e5fcf349e369c62952b1c6ad7348dc0b1c036762eef1437d6f07a8
3602,nglab0_75x_input_v5_freq10_fixed,2000,42,7.792285352945328,0.3503969609737396,8.142682313919067,/tmp/ngram_gap_remote_summaries_all2/3602/nglab0_75x_input_v5_freq10_fixed/summary.json,ce1769403adfa7e6908ef18c36e03fc4ed88a97f9cdbbb135f120f767a57c15e
3602,netv5_input_masklowf8_e0_128x_fixed,2000,42,2.327026128768921,2.34704327583313,4.674069404602051,/tmp/ngram_gap_remote_summaries_all2/3602/netv5_input_masklowf8_e0_128x_fixed/summary.json,274ee21cff28e0b7b3b7d6207fd5bbb23efa401ec0670b037b5ae364237a01a4
3602,nglab2x_input_rho_v5_fixed,2000,42,1.2372589707374573,2.5745630264282227,3.81182199716568,/tmp/ngram_gap_remote_summaries_all2/3602/nglab2x_input_rho_v5_fixed/summary.json,5f2e7e0ffdb4f698d52ce961f684d21442d14dc3eb186035aa839e6abb40b748
3602,causalv5m2_mask_high_t25_e1_fixed,1000,42,2.5582189559936523,4.057047367095947,6.6152663230896,/tmp/ngram_gap_remote_summaries_all2/3602/causalv5m2_mask_high_t25_e1_fixed/summary.json,3878710a48e92b25c8aae668b3b8b0adc53d02fd90dba70bc45cccc78429fdd5
3602,optv5_rms_b098_s2p0_fixed,1000,42,1.443536639213562,2.909513235092163,4.353049874305725,/tmp/ngram_gap_remote_summaries_all2/3602/optv5_rms_b098_s2p0_fixed/summary.json,12055ec5775ba3d1c03484bcbaecf2f07a4557b034cd6870e850dd8ef0c44e9f
3602,nglab1x_input_v5_s43_fixed,2000,43,5.811004340648651,0.8509605526924133,6.6619648933410645,/tmp/ngram_gap_remote_summaries_all2/3602/nglab1x_input_v5_s43_fixed/summary.json,ab09a44255e710e67bd2e525f580c978c48d40bd7eeab9042f02310a93982712
3602,causalv5c_hash_reseed_e1e2_fixed,1000,42,0.06859707832336426,4.304174900054932,4.372771978378296,/tmp/ngram_gap_remote_summaries_all2/3602/causalv5c_hash_reseed_e1e2_fixed/summary.json,7ab948b2691368ca7a79a25faa9b8e3d531f73c7f612b0ad3148bb258bd9f70e
3602,optv5f_rms_b0999_s128p0_2k_fixed,2000,42,5.398735404014587,1.3594303131103516,6.758165717124939,/tmp/ngram_gap_remote_summaries_all2/3602/optv5f_rms_b0999_s128p0_2k_fixed/summary.json,0ad90d14dd7be46e033992ffd72f9c6d3520df24687af0ba3ca44d4e73456487
3602,causalv5m_mask_low_le2_e1_fixed,1000,42,1.3199414014816284,3.0736312866210938,4.393572688102722,/tmp/ngram_gap_remote_summaries_all2/3602/causalv5m_mask_low_le2_e1_fixed/summary.json,8d791fce90696baac6cc70c4193c7552597a0904a1ad6ece0a2a4a94e6fea39a
3602,s1v5_128_v_tbl_bi1_R675000_fixed,1000,42,1.2530893087387085,2.8693761825561523,4.122465491294861,/tmp/ngram_gap_remote_summaries_all2/3602/s1v5_128_v_tbl_bi1_R675000_fixed/summary.json,7d73a87b2230104719378da4409007e15abb861d84a099c5185a687b31d01b49
3602,netv5_input_lastep_128x_fixed,2000,42,0.019313335418701172,4.150502681732178,4.169816017150879,/tmp/ngram_gap_remote_summaries_all2/3602/netv5_input_lastep_128x_fixed/summary.json,f89b9840be13f26664ec3cd21f6c453537ef5744e814beea040ab04951eb5e18
3602,nglab1x_y_v5_s44_fixed,2000,44,3.4394840002059937,1.8918412923812866,5.33132529258728,/tmp/ngram_gap_remote_summaries_all2/3602/nglab1x_y_v5_s44_fixed/summary.json,3afec8714484a3384b70fd25cd5e9f47eeac8fb425a08a3a76b53df8b68915ed
3602,netv5_y_reseed_eall_128x_fixed,2000,42,0.16574585437774658,3.074653148651123,3.2403990030288696,/tmp/ngram_gap_remote_summaries_all2/3602/netv5_y_reseed_eall_128x_fixed/summary.json,183389ecaa980155b46266aaa06697a9097e005caa4b0a5ef63a0bb4bc818c7b
3602,optv5_rms_b098_s3p0_fixed,1000,42,1.7523874044418335,2.8395423889160156,4.591929793357849,/tmp/ngram_gap_remote_summaries_all2/3602/optv5_rms_b098_s3p0_fixed/summary.json,12ceba45a0c1528ea1af1ef8d714cd9438af70f69e314f05b01c5afdc0b156fa
3602,nglab5x_input_v5_freq10_fixed,2000,42,0.0842217206954956,3.1428935527801514,3.227115273475647,/tmp/ngram_gap_remote_summaries_all2/3602/nglab5x_input_v5_freq10_fixed/summary.json,3899af0cc97464e7136718949f26ad9b93220929add2f5fed70c1654282c1ba3
3602,optv5c_rms_b0995_s2p0_fixed,1000,42,1.594211220741272,2.872103214263916,4.466314435005188,/tmp/ngram_gap_remote_summaries_all2/3602/optv5c_rms_b0995_s2p0_fixed/summary.json,3d7447ebc6f8a5f031e05557085e9439d71f532f9f9c25989513d3164237cd32
3602,s1v5_128_v_tbl_bi1_R104000_fixed,1000,42,0.28799134492874146,3.3243770599365234,3.612368404865265,/tmp/ngram_gap_remote_summaries_all2/3602/s1v5_128_v_tbl_bi1_R104000_fixed/summary.json,6be3efcf7cf816255d7bae2857219449bfe9080505057554f0c19602f20ec506
3602,s1v5_128_v_tbl_bi1_R362000_fixed,1000,42,0.757142961025238,3.123140573501587,3.880283534526825,/tmp/ngram_gap_remote_summaries_all2/3602/s1v5_128_v_tbl_bi1_R362000_fixed/summary.json,924b84a0014d7f56ace585336242433efb71a9bc347d73453b9c8027ba7b24f8
3602,nglab1x_y_v5_fixed,2000,42,3.6398621797561646,1.814354419708252,5.4542165994644165,/tmp/ngram_gap_remote_summaries_all2/3602/nglab1x_y_v5_fixed/summary.json,68f2c90b7c52c3a3592e16c46edc5213ebb7ffec978b6955e3b8764f7f29ecbd
3602,mixv5_tri_replay_3pass_fixed,1011,42,2.4737963676452637,4.224300861358643,6.698097229003906,/tmp/ngram_gap_remote_summaries_all2/3602/mixv5_tri_replay_3pass_fixed/summary.json,4a8079ef42965c0603a3d82dcbec2d958bf136cd9e99eceb7de6bbd2f71dd9a9
3602,optv5c_sgd_m0_s2p0_fixed,1000,42,0.07797366380691528,3.8803927898406982,3.9583664536476135,/tmp/ngram_gap_remote_summaries_all2/3602/optv5c_sgd_m0_s2p0_fixed/summary.json,ac0c6d124d30b70d4f272a86366246412457dda143fcc0acf3d71154ef6be111
3602,mixv5_tri_mixed_3pass_fixed,1011,42,2.288026213645935,4.18097448348999,6.469000697135925,/tmp/ngram_gap_remote_summaries_all2/3602/mixv5_tri_mixed_3pass_fixed/summary.json,f7c788174e77cd09f57b82c0e14b38593dc8e8920164c8b5bda8d4f8fb8e5076
3602,optv5f_rms_b0999_s32p0_fixed,1000,42,2.5336861610412598,2.679442882537842,5.213129043579102,/tmp/ngram_gap_remote_summaries_all2/3602/optv5f_rms_b0999_s32p0_fixed/summary.json,dcd8d9f305c76b18403417fbf609f320a067f6c6ace75da40339c171a72c50fe
3602,causalv5m_mask_low_le8_e1_fixed,1000,42,0.7645596265792847,3.354645252227783,4.119204878807068,/tmp/ngram_gap_remote_summaries_all2/3602/causalv5m_mask_low_le8_e1_fixed/summary.json,42f50fda678a5486d9bb9c17d1cf70033ebf85aa3b28f3ff50f3b0cbd87d4e1f
3602,optv5_rms_b0995_s3p0_fixed,1000,42,1.9430071115493774,2.7534375190734863,4.696444630622864,/tmp/ngram_gap_remote_summaries_all2/3602/optv5_rms_b0995_s3p0_fixed/summary.json,c94cb8db078bd0a32164e223e5a9d52a2d47c48a51a3122f8241701586813f76
3602,optv5c_adamw_b099_s2p0_fixed,1000,42,1.50221848487854,2.9033517837524414,4.4055702686309814,/tmp/ngram_gap_remote_summaries_all2/3602/optv5c_adamw_b099_s2p0_fixed/summary.json,d4dcfe977319c04dbf9d520c23f670ae0d4bdc933fbf243cce37abc8644b2baf
3602,s1v5_128_v_ep_bi_0p5xL4_3ep_fixed,504,42,1.3609025478363037,3.3046772480010986,4.665579795837402,/tmp/ngram_gap_remote_summaries_all2/3602/s1v5_128_v_ep_bi_0p5xL4_3ep_fixed/summary.json,9b6c2945cd579c5b8d7d44d9db59703724dd65e1b32c2fa16ddaff38f48c3f8b
3602,optv5c_rms_b099_s2p0_fixed,100,42,0.007625460624694824,6.233121395111084,6.240746855735779,/tmp/ngram_gap_remote_summaries_all2/3602/optv5c_rms_b099_s2p0_fixed/summary.json,59e837e82b472d74e4f48f41a3d18b8e3cf7a0ffeee950456b91453004c54f9b
3602,s1v5_128_v_ep_bi_0p125xL4_3ep_fixed,126,42,-0.0002162456512451172,5.925310134887695,5.92509388923645,/tmp/ngram_gap_remote_summaries_all2/3602/s1v5_128_v_ep_bi_0p125xL4_3ep_fixed/summary.json,fd27a2d964375c51a033bdcb229e3f9bed6969feeefb7a45497e60d7fe43fa2b
3602,s1v5_128_v_tbl_bi1_R30000_fixed,1000,42,0.12142246961593628,3.4264652729034424,3.5478877425193787,/tmp/ngram_gap_remote_summaries_all2/3602/s1v5_128_v_tbl_bi1_R30000_fixed/summary.json,eddd456126be42668dad7babbd4dcb59cadb7e3aa401589363c3d22d7277580b
3602,nglab8x_input_v5_freq10_fixed,2000,42,-0.07547372579574585,3.23028826713562,3.1548145413398743,/tmp/ngram_gap_remote_summaries_all2/3602/nglab8x_input_v5_freq10_fixed/summary.json,238da10c43180c4e73527d3d38a1377762773e5cae9ec99c343ca8d196f621a4
3602,nglab2x_input_v5_freq10_fixed,2000,42,1.1924521327018738,2.603914499282837,3.7963666319847107,/tmp/ngram_gap_remote_summaries_all2/3602/nglab2x_input_v5_freq10_fixed/summary.json,191999a5b74909f95a4fce31ce8a84f268299090b2405199e8a2e352470b83ea
3602,causalv5m2_mask_high_t6400_e1_fixed,1000,42,2.7311688661575317,2.5976037979125977,5.328772664070129,/tmp/ngram_gap_remote_summaries_all2/3602/causalv5m2_mask_high_t6400_e1_fixed/summary.json,3154f75d603c973cd7d80651470c7be848c3e19a17afe9e5fef10c788ee53060
3602,optv5_rms_b0995_s2p0_s43_2000_fixed,2000,43,5.890522301197052,0.8771924376487732,6.767714738845825,/tmp/ngram_gap_remote_summaries_all2/3602/optv5_rms_b0995_s2p0_s43_2000_fixed/summary.json,4d2a20cb6314fac2b69046c60163dd703673eef87d3a903b318faba76d0d0a4e
3602,optv5c_rms_b099_s0p5_fixed,1000,42,0.4646296501159668,3.5214035511016846,3.9860332012176514,/tmp/ngram_gap_remote_summaries_all2/3602/optv5c_rms_b099_s0p5_fixed/summary.json,89ef505069290dc887b16adf2e21dbd8d53a277c616db8ef636bb4ef1eb8b88c
3602,s1v5_128_tri_masklow_ctl_fixed,1000,42,2.4859275817871094,4.190515995025635,6.676443576812744,/tmp/ngram_gap_remote_summaries_all2/3602/s1v5_128_tri_masklow_ctl_fixed/summary.json,29e4d1e9f44b10f60b41393a263ce38a397b89294b8f700f557d458712534186
3602,s1v5_128_tri_masklowf1_e1_fixed,1000,42,1.0234135389328003,3.8341243267059326,4.857537865638733,/tmp/ngram_gap_remote_summaries_all2/3602/s1v5_128_tri_masklowf1_e1_fixed/summary.json,0c0279c81806003cafc2f5fb9dcd427825f9e5a9c99e92a98a7b2d7c3b9390f4
3602,nglab1x_input_v3_fixed,2000,42,5.384955525398254,1.572961449623108,6.957916975021362,/tmp/ngram_gap_remote_summaries_all2/3602/nglab1x_input_v3_fixed/summary.json,29d638dddcc7923c57697db5438a51764060760fd0dcd2c005f2bdb2f1bc077e
3602,optv5_rms_b098_s2p0_curve_fixed,1000,42,1.402898907661438,2.9497687816619873,4.352667689323425,/tmp/ngram_gap_remote_summaries_all2/3602/optv5_rms_b098_s2p0_curve_fixed/summary.json,e08f984ba63f8e54b5976bfcbad533a5bcb180a16b0d3d383cd78e37f37bbe24
3602,nglab1x_v_v5_s43_fixed,2000,43,2.8806499242782593,1.911978006362915,4.792627930641174,/tmp/ngram_gap_remote_summaries_all2/3602/nglab1x_v_v5_s43_fixed/summary.json,5456f0e559a3511a481a27a962a9d2484bd19186f73bb6e9fa41db5baeb7e968
3602,netv5_v_lastep_128x_fixed,2000,42,0.1873449683189392,3.1672871112823486,3.354632079601288,/tmp/ngram_gap_remote_summaries_all2/3602/netv5_v_lastep_128x_fixed/summary.json,96c38999efb46f7210e42bb0a1fa7127ac1105c0efd6bf78bd69bddb19b624b1
3602,causalv5m3_hash_reseed_e2e3_fixed,2022,42,2.881350517272949,2.1763055324554443,5.0576560497283936,/tmp/ngram_gap_remote_summaries_all2/3602/causalv5m3_hash_reseed_e2e3_fixed/summary.json,6dcd8076c636b076428e01ed2c930a599bbf19d0cdab5e7eeb6a4efe34d339d9
3602,causalv5m2_mask_high_t800_e1_fixed,1000,42,2.78353750705719,2.800626516342163,5.584164023399353,/tmp/ngram_gap_remote_summaries_all2/3602/causalv5m2_mask_high_t800_e1_fixed/summary.json,79c04cae54a727f1320827a5883c3b46c2924661ba190ca71b4154d04ae2ab73
3602,nglab1_5x_input_v5_freq10_fixed,2000,42,2.517154812812805,2.0809805393218994,4.598135352134705,/tmp/ngram_gap_remote_summaries_all2/3602/nglab1_5x_input_v5_freq10_fixed/summary.json,071318f0b3608d44bf950dc64e126390dda6508849f0c6158118834ab0c865b7
3602,s1v5_128_v_tbl_bi1_R22_fixed,1000,42,0.02259528636932373,3.54824161529541,3.570836901664734,/tmp/ngram_gap_remote_summaries_all2/3602/s1v5_128_v_tbl_bi1_R22_fixed/summary.json,f2637133ccbf08a25cc3f892abcd5e51ce5cfd6f569bb61c1571759778112b15
3602,ctbl_dim192_input_v5_128x_fixed,1000,42,1.4576430320739746,3.085264205932617,4.542907238006592,/tmp/ngram_gap_remote_summaries_all2/3602/ctbl_dim192_input_v5_128x_fixed/summary.json,8b0865f76f3cc827c7fff2f4189c9643a9dd3da94d5db8378e2a9b7317bdd58e
3602,s1v5_128_v_tbl_bi1_R2_fixed,1000,42,0.02160269021987915,3.544135570526123,3.565738260746002,/tmp/ngram_gap_remote_summaries_all2/3602/s1v5_128_v_tbl_bi1_R2_fixed/summary.json,5edc06af7dfd4940ed12d14d643aa411343fb159f467d5577073c5ff587ba659
3602,blrabs_nogram_lr0p00006_tlr0p0768_3k_fixed,3000,42,0.039668500423431396,3.7062110900878906,3.745879590511322,/tmp/ngram_gap_remote_summaries_all2/3602/blrabs_nogram_lr0p00006_tlr0p0768_3k_fixed/summary.json,9ca70aa4d76b0ea562feede8c7cc31fac0424f7fa825c610de40222196190f3a
3602,optv5d_rms_b0995_s8p0_fixed,1000,42,2.4288660287857056,2.683087110519409,5.111953139305115,/tmp/ngram_gap_remote_summaries_all2/3602/optv5d_rms_b0995_s8p0_fixed/summary.json,d15d6f48e4741edcddc0a5fa8517e5f6a618503e53d98733ac4b181fef6c3bea
3602,ctbl_dim12_input_v5_128x_fixed,1000,42,0.17976433038711548,3.7022409439086914,3.882005274295807,/tmp/ngram_gap_remote_summaries_all2/3602/ctbl_dim12_input_v5_128x_fixed/summary.json,b2f741ba45acefebf5f914647d9a8131590ae84c8a4e39d6d54dd4162c2ce649
3602,s1v5_128_v_tbl_bi1_R22000_fixed,1000,42,0.08938354253768921,3.4474546909332275,3.5368382334709167,/tmp/ngram_gap_remote_summaries_all2/3602/s1v5_128_v_tbl_bi1_R22000_fixed/summary.json,aa2ec86cb3b819083e19a788baf276a4cb283c933ce865169af99baaf4e77bf9
3602,optv5f_rms_b099_s64p0_fixed,1000,42,2.7055678367614746,2.572253465652466,5.27782130241394,/tmp/ngram_gap_remote_summaries_all2/3602/optv5f_rms_b099_s64p0_fixed/summary.json,c2437fa97ebeb0d20b1cca794c14f6fa8e90862ea039e91dc6ed5195be581734
3602,s1v5_128_y_ep_bi_0p6667xL4_3ep_fixed,672,42,0.9158085584640503,3.409674644470215,4.325483202934265,/tmp/ngram_gap_remote_summaries_all2/3602/s1v5_128_y_ep_bi_0p6667xL4_3ep_fixed/summary.json,284365a4131a9bb4e9ef56a50e5bbea662273948a9ddc9e277de0b86bdff5e0f
3602,nglab1x_v_v3_fixed,2000,42,5.918762624263763,0.9427163004875183,6.861478924751282,/tmp/ngram_gap_remote_summaries_all2/3602/nglab1x_v_v3_fixed/summary.json,9961a6e64fe1720ae202f29c22ce0a363aa62224b8462d147e88aec0998d5cff
3602,s1v5_128_v_tbl_bi1_R1000_fixed,1000,42,0.036611080169677734,3.5871708393096924,3.62378191947937,/tmp/ngram_gap_remote_summaries_all2/3602/s1v5_128_v_tbl_bi1_R1000_fixed/summary.json,9944343598f6348e9c7f8303af49c39c7bdbf6fffa1facb758ac2380771968a7
3602,s1v5_128_v_tbl_bi1_R16000_fixed,1000,42,0.09300094842910767,3.4807443618774414,3.573745310306549,/tmp/ngram_gap_remote_summaries_all2/3602/s1v5_128_v_tbl_bi1_R16000_fixed/summary.json,32c3b572c35d11fe709ad44b6494c32286da54b3c5fd6ef907b08543a34a69ca
3602,causalv5m2_mask_high_t3200_e1_fixed,1000,42,2.7521098852157593,2.6058590412139893,5.3579689264297485,/tmp/ngram_gap_remote_summaries_all2/3602/causalv5m2_mask_high_t3200_e1_fixed/summary.json,0bdec840d6c726a13a2541cf66ff0beeb8b05ab4c919ffb1fa391a85030053e7
3602,netv5_v_masklowf8_e0_128x_fixed,2000,42,4.651264786720276,1.3678070306777954,6.019071817398071,/tmp/ngram_gap_remote_summaries_all2/3602/netv5_v_masklowf8_e0_128x_fixed/summary.json,6ef3804e4686d969804d574c8aea1cd67f3f9e9c8ec617d7ccbeddc3482b4b7d
3602,netv5_y_masklowf8_e0_128x_fixed,2000,42,2.3582706451416016,2.224104166030884,4.582374811172485,/tmp/ngram_gap_remote_summaries_all2/3602/netv5_y_masklowf8_e0_128x_fixed/summary.json,dc0d363edb0b019d627e20fac9f5ac50ee2e1ba578b7116e9fe4fbfb2cbe0ce8
3602,s1v5_128_v_ep_bi_0p1667xL4_3ep_fixed,168,42,0.09298217296600342,5.033699035644531,5.126681208610535,/tmp/ngram_gap_remote_summaries_all2/3602/s1v5_128_v_ep_bi_0p1667xL4_3ep_fixed/summary.json,ff851d5fdd55749e81231556d21e791941116a666a130d0811b1e73c80e2b90a
3602,causalv5m_mask_high_t2_e1_128x_fixed,1000,42,1.9286597967147827,4.271073818206787,6.19973361492157,/tmp/ngram_gap_remote_summaries_all2/3602/causalv5m_mask_high_t2_e1_128x_fixed/summary.json,3367a9af018fa6f2ceca2793679d340eac63d1b985a6d74f7341a55197a14458
3602,causalv5m2_mask_high_t5_e1_fixed,1000,42,2.022766590118408,4.362411022186279,6.3851776123046875,/tmp/ngram_gap_remote_summaries_all2/3602/causalv5m2_mask_high_t5_e1_fixed/summary.json,b94171ec48f12ade1b2320d74b1128462bb2482270b1e1168e04a2ef3cb13949
3602,nglab1x_reset_e1_v5_fixed,1000,42,0.7085720896720886,3.3104074001312256,4.018979489803314,/tmp/ngram_gap_remote_summaries_all2/3602/nglab1x_reset_e1_v5_fixed/summary.json,d7aa4112de29179bd55db884eb6d592859c3f67c4ed7722d237562ad79e04ff2
3602,nglab1x_nogram_v5_fixed,2000,42,0.24510812759399414,3.080035448074341,3.325143575668335,/tmp/ngram_gap_remote_summaries_all2/3602/nglab1x_nogram_v5_fixed/summary.json,9da347cbc52b94bccb310c4fbfa70b9e39b0fb3ed8e5785a53c5b129e1ae3c0b
3602,blrv5_nogram_lr0p0001_fixed,1000,42,0.03546702861785889,4.65313196182251,4.688598990440369,/tmp/ngram_gap_remote_summaries_all2/3602/blrv5_nogram_lr0p0001_fixed/summary.json,396340f3f2cc56742a63899f4bd3cfeb5dde8c023cf748cc67548db4131096e7
3602,s1v5_128_v_tbl_bi1_R4642_fixed,1000,42,0.04380190372467041,3.5529134273529053,3.5967153310775757,/tmp/ngram_gap_remote_summaries_all2/3602/s1v5_128_v_tbl_bi1_R4642_fixed/summary.json,e20e0efd0c9f5e67212b0f097e92644bfcccb4aa31f5bbb3903989e3ac959691
3602,causalv5m_mask_high_t5_e1_128x_fixed,1000,42,2.167295813560486,4.281881332397461,6.449177145957947,/tmp/ngram_gap_remote_summaries_all2/3602/causalv5m_mask_high_t5_e1_128x_fixed/summary.json,a92f71c5c39c82a4f0f9755d010ff3623e4162c2f02a794a11cb3b6ed4637549
3602,s1v5_128_y_ep_bi_0p25xL4_3ep_fixed,252,42,1.464194893836975,3.734286069869995,5.19848096370697,/tmp/ngram_gap_remote_summaries_all2/3602/s1v5_128_y_ep_bi_0p25xL4_3ep_fixed/summary.json,08edd0aae22debf586e145a1f7ac515593a3316f95202b96883ecc29d7213a0a
3602,nglab1x_input_v5_fixed,2000,42,5.741355895996094,0.8932331800460815,6.634589076042175,/tmp/ngram_gap_remote_summaries_all2/3602/nglab1x_input_v5_fixed/summary.json,5f998c98a8d9be020f5912b524b17ee1de5266c070c9fe48b37a3ce352b835e1
3602,nglab1x_nogram_v5_s44_fixed,2000,44,0.2533668279647827,3.073143482208252,3.3265103101730347,/tmp/ngram_gap_remote_summaries_all2/3602/nglab1x_nogram_v5_s44_fixed/summary.json,83bb403b20ba2aa55415943a35686879221b88ced6e454b4878e229d7ebcf24e
3602,blrabs_input_lr0p00006_tlr0p0768_3k_fixed,3000,42,4.064900517463684,1.956889271736145,6.021789789199829,/tmp/ngram_gap_remote_summaries_all2/3602/blrabs_input_lr0p00006_tlr0p0768_3k_fixed/summary.json,97a7f3da94a9c0b7bffd1427011db18035a0042899e5d4f37638d7b660229b90
3602,s1v5_128_v_ep_bi_0p6667xL4_3ep_fixed,672,42,1.3053253889083862,3.135211944580078,4.440537333488464,/tmp/ngram_gap_remote_summaries_all2/3602/s1v5_128_v_ep_bi_0p6667xL4_3ep_fixed/summary.json,c104fa9e96eb59425a29a6e7e357bb923098fe822905252c75742b8c1fab5615
3602,s1v5_128_v_ep_bi_1p0xL4_3ep_fixed,1011,42,1.3967797756195068,2.8675742149353027,4.26435399055481,/tmp/ngram_gap_remote_summaries_all2/3602/s1v5_128_v_ep_bi_1p0xL4_3ep_fixed/summary.json,ccd75400a6cd0b4aec1cd771b00b7950e18e1ad9c6cccc3631d6d1647537d76b
3602,causalv5m_mask_high_t1_e1_128x_fixed,1000,42,1.7567576169967651,4.214796543121338,5.971554160118103,/tmp/ngram_gap_remote_summaries_all2/3602/causalv5m_mask_high_t1_e1_128x_fixed/summary.json,68d8329f38e8c60b1164eaf76aa09cfe2c80e626e282e17ed2d639fa8e3f9b45
3602,s1v5_128_v_tbl_bi1_R1259000_fixed,1000,42,1.6899852752685547,2.6988823413848877,4.388867616653442,/tmp/ngram_gap_remote_summaries_all2/3602/s1v5_128_v_tbl_bi1_R1259000_fixed/summary.json,cec2e6f3d20e7a9e2b08db9bacc0d6bc01666a305e1e6ce637b162f51affd7bd
3602,optv5f_rms_b0999_s128p0_fixed,1000,42,2.6126511096954346,2.6482315063476562,5.260882616043091,/tmp/ngram_gap_remote_summaries_all2/3602/optv5f_rms_b0999_s128p0_fixed/summary.json,bb29253353de79f4e8288657acdbb9e6ddec8d054dedbf85990863da68057044
3602,s1v5_128_v_ep_bi_0p25xL4_3ep_fixed,252,42,0.6581587791442871,4.225854396820068,4.8840131759643555,/tmp/ngram_gap_remote_summaries_all2/3602/s1v5_128_v_ep_bi_0p25xL4_3ep_fixed/summary.json,1ed9a98d01fe2f2353ce92f72f30716c6f1ab5954c481f3faaffc4e8f6575e6a
3602,optv5_rms_b099_s1p0_fixed,1000,42,0.8607478141784668,3.2457382678985596,4.106486082077026,/tmp/ngram_gap_remote_summaries_all2/3602/optv5_rms_b099_s1p0_fixed/summary.json,d0b4cb55d4d3c62c2b04ddebf088832f1f0d1321db1e2d16fe5d83328876f548
3602,ctbl_dim768_input_v5_128x_fixed,1000,42,2.7422826290130615,2.5299298763275146,5.272212505340576,/tmp/ngram_gap_remote_summaries_all2/3602/ctbl_dim768_input_v5_128x_fixed/summary.json,3296e9f7d4af097d2ef6dacc2ca37dd29a9cf22cb893e5637a88cea65133e85e
3602,optv5c_adamw_b099_s2p0_s44_fixed,1000,44,1.5325733423233032,2.873598098754883,4.406171441078186,/tmp/ngram_gap_remote_summaries_all2/3602/optv5c_adamw_b099_s2p0_s44_fixed/summary.json,caaf6354a5e635be99212b91f06c45b35dfa4719675f21268b56c8af5cddb615
3602,s1v5_128_y_ep_bi_0p1667xL4_3ep_fixed,168,42,1.5567007064819336,3.8929665088653564,5.44966721534729,/tmp/ngram_gap_remote_summaries_all2/3602/s1v5_128_y_ep_bi_0p1667xL4_3ep_fixed/summary.json,ff13c512560410757345e41cb38d489da37f8e8c67fdcf27951e7cfa0a6073f0
3602,s1v5_128_v_tbl_bi1_R142000_fixed,1000,42,0.3820335268974304,3.270805835723877,3.6528393626213074,/tmp/ngram_gap_remote_summaries_all2/3602/s1v5_128_v_tbl_bi1_R142000_fixed/summary.json,e43215ad9c92fd8bbd2157f5e3e3df5bef607b43c7647c8e3dbb9ba43de359c4
3602,nglab5x_input_v5_128x_freq10_fixed,2000,42,0.3552113175392151,3.3903720378875732,3.7455833554267883,/tmp/ngram_gap_remote_summaries_all2/3602/nglab5x_input_v5_128x_freq10_fixed/summary.json,e142d348d7355380638cdcc9a618bc02f8ad03b844bd3dd4e89b5ec232779adb
3602,optv5c_sgd_m0_s128x_fixed,1000,42,0.04722869396209717,3.8353755474090576,3.882604241371155,/tmp/ngram_gap_remote_summaries_all2/3602/optv5c_sgd_m0_s128x_fixed/summary.json,5580931ca86a6efd9191fecce181a343c42e7660645b22b3d226761723077f60
3602,causalv5m3_none_2022_fixed,2022,42,5.7331074476242065,1.21834135055542,6.9514487981796265,/tmp/ngram_gap_remote_summaries_all2/3602/causalv5m3_none_2022_fixed/summary.json,4f3e3d1c0a71c207aec0856a43c7902d848b5307e8292813371421bf9d68a86e
3602,nglab1x_freeze_backbone_e1_v5_fixed,1000,42,0.8341412544250488,3.73301362991333,4.567154884338379,/tmp/ngram_gap_remote_summaries_all2/3602/nglab1x_freeze_backbone_e1_v5_fixed/summary.json,59bbff2a7f6b5bdaa1024da117269b7e3dd3e817fceb4a607b7281d26a851f8e
3602,nglab1x_v_v5_fixed,2000,42,2.013824224472046,2.212705373764038,4.226529598236084,/tmp/ngram_gap_remote_summaries_all2/3602/nglab1x_v_v5_fixed/summary.json,ecca6ec3ba98ea291e4b941e4076db0026730e5cc1ad9ac6d6ad8f85d1cd1714
3602,optv5d_rms_b095_s8p0_fixed,1000,42,2.2283788919448853,2.733438491821289,4.961817383766174,/tmp/ngram_gap_remote_summaries_all2/3602/optv5d_rms_b095_s8p0_fixed/summary.json,f99715ddabc431bd5cf5d88bbf1b5f48f8d8710696ece5180314fbea6d4529ad
3602,causalv5m3_wd0_fixed,2022,42,5.832902193069458,1.1680973768234253,7.000999569892883,/tmp/ngram_gap_remote_summaries_all2/3602/causalv5m3_wd0_fixed/summary.json,d252c0e16370da0e6b8526bd5b37b7886506486dc3f880071e106abe00f634ba
3602,s1v5_128_v_tbl_bi1_R265000_fixed,1000,42,0.7145499587059021,3.137775182723999,3.852325141429901,/tmp/ngram_gap_remote_summaries_all2/3602/s1v5_128_v_tbl_bi1_R265000_fixed/summary.json,00d38a57a6b74953f4062e6a6a8f80e770c5e8075cde764abd4bc84f4129356f
3602,optv5c_rms_s128x_fixed,1000,42,2.7273985147476196,2.5333545207977295,5.260753035545349,/tmp/ngram_gap_remote_summaries_all2/3602/optv5c_rms_s128x_fixed/summary.json,3778ed502aaa437a0ccf5270bd922d244495345594e3319198a03c6aeebf2cb3
3602,s1v5_128_v_tbl_bi1_R922000_fixed,1000,42,1.3174418210983276,2.8653290271759033,4.182770848274231,/tmp/ngram_gap_remote_summaries_all2/3602/s1v5_128_v_tbl_bi1_R922000_fixed/summary.json,ba89af58361515220edadbca2892683478cdedd47b7e4902bbbb07fb959a9173
3602,s1v5_128_v_tbl_bi1_R76000_fixed,1000,42,0.2286614179611206,3.354174852371216,3.5828362703323364,/tmp/ngram_gap_remote_summaries_all2/3602/s1v5_128_v_tbl_bi1_R76000_fixed/summary.json,f853ddd0e6ddd922083f32f42f446d95a35faa7bb7ab31dbec9df74e06126c10
3602,s1v5_128_y_ep_bi_2p0xL4_3ep_fixed,2022,42,2.3803142309188843,2.271791696548462,4.652105927467346,/tmp/ngram_gap_remote_summaries_all2/3602/s1v5_128_y_ep_bi_2p0xL4_3ep_fixed/summary.json,e18f01f477ff73e3b132a207fa497e93986fab4bf31c31ecb4de7ab13ab42dfd
3602,nglab1x_nogram_v3_fixed,2000,42,0.231550931930542,3.019618034362793,3.251168966293335,/tmp/ngram_gap_remote_summaries_all2/3602/nglab1x_nogram_v3_fixed/summary.json,fbaf624b754f47404176d112140e799ebf9b8f5acbe3004cc75420b9aa06ac38
3602,ffqv5_freeze_table_e2_10ep_fixed,3370,42,6.399116396903992,1.0543619394302368,7.4534783363342285,/tmp/ngram_gap_remote_summaries_all2/3602/ffqv5_freeze_table_e2_10ep_fixed/summary.json,95432a2413ba51a1634a2895cbd1f4b528af63b30453f50ff9fd5977c428f045
3602,nglab0_25x_input_v2_fixed,2000,42,16.29821140691638,0.049358535557985306,16.347569942474365,/tmp/ngram_gap_remote_summaries_all2/3602/nglab0_25x_input_v2_fixed/summary.json,33d6d361a01543482505ff6dd50f7201d1b4fe34a54bd0756295480ea4aac52b
3602,s1v5_128_v_tbl_bi1_R194000_fixed,1000,42,0.4521346688270569,3.2849512100219727,3.7370858788490295,/tmp/ngram_gap_remote_summaries_all2/3602/s1v5_128_v_tbl_bi1_R194000_fixed/summary.json,d9def508d790409e100e2f8eb6a2afd6796a086c4b8d8470a2cc078733888f63
3602,s1v5_128_v_tbl_bi1_R1_fixed,1000,42,0.020186305046081543,3.55940842628479,3.5795947313308716,/tmp/ngram_gap_remote_summaries_all2/3602/s1v5_128_v_tbl_bi1_R1_fixed/summary.json,1c7d320178daa53090b081919e218044980816955c18f59186d77a86b4834aad
3602,causalv5m2_mask_high_t1600_e1_fixed,1000,42,2.75995934009552,2.701673746109009,5.461633086204529,/tmp/ngram_gap_remote_summaries_all2/3602/causalv5m2_mask_high_t1600_e1_fixed/summary.json,4f590a5c30c8d4b4fee53f5b6a4a86890f6cc9310975722ded0c357f8d1d3e94
3602,blrv5_input_lr0p0040_fixed,1000,42,2.29496693611145,3.1102709770202637,5.405237913131714,/tmp/ngram_gap_remote_summaries_all2/3602/blrv5_input_lr0p0040_fixed/summary.json,2a105ec040ce7aaa309891c25b499786d87a1741822282bf996beddf1acd76d6
3602,optv5c_rms_b095_s2p0_fixed,1000,42,1.2391035556793213,3.0190820693969727,4.258185625076294,/tmp/ngram_gap_remote_summaries_all2/3602/optv5c_rms_b095_s2p0_fixed/summary.json,1fea587384b159ba1521c3d98724266cb02a6f1c734d5e379a9eac9768f2d54a
3602,nglab1x_v_v2_fixed,2000,42,6.125416934490204,0.9414857029914856,7.0669026374816895,/tmp/ngram_gap_remote_summaries_all2/3602/nglab1x_v_v2_fixed/summary.json,86f0e590624c14cee66b10c5922f4ae14126d080c986fab8a88702679ac6d25c
3602,s1v5_128_y_ep_bi_1p25xL4_3ep_fixed,1263,42,1.2702995538711548,2.9039230346679688,4.1742225885391235,/tmp/ngram_gap_remote_summaries_all2/3602/s1v5_128_y_ep_bi_1p25xL4_3ep_fixed/summary.json,b54b8b9f20e7ec3f4ab0f8c40f9c3f121cdbba59674a01f49bf1a11b3b17bf21
3602,s1v5_128_v_ep_bi_1p25xL4_3ep_fixed,1263,42,2.3724870681762695,2.28501296043396,4.6575000286102295,/tmp/ngram_gap_remote_summaries_all2/3602/s1v5_128_v_ep_bi_1p25xL4_3ep_fixed/summary.json,9c2a564439f1ec7a4a83c7c21df305ad895f093aa434e39b381bfc72e4fd8b67
3602,optv5_rms_b099_s3p0_fixed,1000,42,1.9042699337005615,2.764427661895752,4.6686975955963135,/tmp/ngram_gap_remote_summaries_all2/3602/optv5_rms_b099_s3p0_fixed/summary.json,daf72b68accd6c60d597590e1b0085a50339de09913a08bafd0127b99d1f4d9c
3602,nglab0_75x_input_v2_fixed,2000,42,3.3426055908203125,2.3476192951202393,5.690224885940552,/tmp/ngram_gap_remote_summaries_all2/3602/nglab0_75x_input_v2_fixed/summary.json,aa8ea3cbe4f11dc96cf40219dd918ce1431720da692ada47cc9a85158d3d0413
3602,nglab1x_nogram_v4_fixed,2000,42,0.010688066482543945,6.439652442932129,6.450340509414673,/tmp/ngram_gap_remote_summaries_all2/3602/nglab1x_nogram_v4_fixed/summary.json,d539098c22361b68052fc08774bde5ce8f42f4bcbee1528fb9f02cca8695fc7e
3602,ctbl_dim48_input_v5_128x_fixed,1000,42,0.5522788763046265,3.5171682834625244,4.069447159767151,/tmp/ngram_gap_remote_summaries_all2/3602/ctbl_dim48_input_v5_128x_fixed/summary.json,262c131f6df08925a67717f77171b7e8f87b7ab04ff122e1d48cb2d0c7b44ac3
3602,s1v5_128_v_tbl_bi1_R464_fixed,1000,42,0.029613614082336426,3.5651257038116455,3.594739317893982,/tmp/ngram_gap_remote_summaries_all2/3602/s1v5_128_v_tbl_bi1_R464_fixed/summary.json,b8ce6f2620e2d95d7fbc4c71840177aafdbdebd32212bc120f5857d68e477495
3602,causalv5m_mask_low_le0_e1_fixed,1000,42,2.94518780708313,2.5225472450256348,5.467735052108765,/tmp/ngram_gap_remote_summaries_all2/3602/causalv5m_mask_low_le0_e1_fixed/summary.json,f080236209fb533a142f8db941cff49d80080e9321e7e3644c95e919ef989ff3
3602,causalv5m_mask_low_le1_e1_fixed,1000,42,1.5782697200775146,2.975395917892456,4.553665637969971,/tmp/ngram_gap_remote_summaries_all2/3602/causalv5m_mask_low_le1_e1_fixed/summary.json,ec3c406618843a4e3079501430f5c412d6c5b63674c07d818277b271cd12d09f
3602,optv5c_rms_b098_s2p0_fixed,1000,42,1.4599370956420898,2.936457872390747,4.396394968032837,/tmp/ngram_gap_remote_summaries_all2/3602/optv5c_rms_b098_s2p0_fixed/summary.json,b2c9c362cdd99c6691bf9bda3bc6e0ba136f3583a99886dde77f395a0ddf4777
3602,nglab1x_nogram_v5_s43_fixed,2000,43,0.2530413866043091,3.0805482864379883,3.3335896730422974,/tmp/ngram_gap_remote_summaries_all2/3602/nglab1x_nogram_v5_s43_fixed/summary.json,b9b6d08072415f0026be3144a14f29e5d27f06cedfb9e6c6794e42e7129df38e
3602,nglab1x_input_v2_fixed,2000,42,5.207824110984802,1.6058354377746582,6.8136595487594604,/tmp/ngram_gap_remote_summaries_all2/3602/nglab1x_input_v2_fixed/summary.json,f061d9c41410e1d0f6c2a6f3835714839a0a5e2d7e39afd07d5c85c97d64334a
3602,optv5c_adamw_s128x_fixed,1000,42,2.7305859327316284,2.5532374382019043,5.283823370933533,/tmp/ngram_gap_remote_summaries_all2/3602/optv5c_adamw_s128x_fixed/summary.json,62e4859c57cca71858556567c760f0807ca070ab9dafd89e351935107a6efbf6
3602,blrabs_nogram_lr0p0001_tlr0p0768_3k_fixed,3000,42,0.09501773118972778,3.4173452854156494,3.512363016605377,/tmp/ngram_gap_remote_summaries_all2/3602/blrabs_nogram_lr0p0001_tlr0p0768_3k_fixed/summary.json,14b2897cd539ab577acce035bb2227e7c3651e1a39b90d3848ca6c86415e414d
3602,nglab1x_freeze_table_e1_v5_fixed,1000,42,1.1175650358200073,3.1891376972198486,4.306702733039856,/tmp/ngram_gap_remote_summaries_all2/3602/nglab1x_freeze_table_e1_v5_fixed/summary.json,f1d1499748c436faeff733ae60937f13c0af817b44dff5cab7d28235213c62d8
3602,optv5c_rms_b099_s4p0_fixed,1000,42,2.072433590888977,2.7571353912353516,4.829568982124329,/tmp/ngram_gap_remote_summaries_all2/3602/optv5c_rms_b099_s4p0_fixed/summary.json,333a6b76c8e1a80f19a9f9c3a69d6cf7cd72dbb211a29d34d9b412d5958b9694
3602,nglab1x_mask_e1_v5_fixed,1000,42,0.021188735961914062,3.665454387664795,3.686643123626709,/tmp/ngram_gap_remote_summaries_all2/3602/nglab1x_mask_e1_v5_fixed/summary.json,7ecf56b0a21a165a401e1ad9d1fbc77a21077b581281efa804b6b9b497e73ec5
3602,mlv5_v_L17_fd_fixed,2000,42,7.217551440000534,0.28972724080085754,7.507278680801392,/tmp/ngram_gap_remote_summaries_all2/3602/mlv5_v_L17_fd_fixed/summary.json,777ce92e01da8b3c18d41f73f8927363349caa46c0790b851a4eaf85ef488998
3602,s1v5_128_v_tbl_bi1_R2154_fixed,1000,42,0.04096466302871704,3.577486753463745,3.618451416492462,/tmp/ngram_gap_remote_summaries_all2/3602/s1v5_128_v_tbl_bi1_R2154_fixed/summary.json,1f741e9836491b0dcd8d1f9859f7f3b2b8d59c9bed442967b45f5cf5f7ea0fed
3602,ctbl_dim12_input_v5_fixed,1000,42,0.15742164850234985,3.548036813735962,3.7054584622383118,/tmp/ngram_gap_remote_summaries_all2/3602/ctbl_dim12_input_v5_fixed/summary.json,e1af687980596a307c8f8369348178bfbc3a89b687dc48f50a019731b17d4b78
3602,optv5c_rms_b0999_s2p0_fixed,1000,42,1.6690136194229126,2.845937728881836,4.5149513483047485,/tmp/ngram_gap_remote_summaries_all2/3602/optv5c_rms_b0999_s2p0_fixed/summary.json,e14fb47777132eda5c383bea809ce4f842c703b130fb6e72a4824b74ec97c519
3602,s1v5_128_v_tbl_bi1_R2000000_fixed,1000,42,1.802809476852417,2.6307430267333984,4.433552503585815,/tmp/ngram_gap_remote_summaries_all2/3602/s1v5_128_v_tbl_bi1_R2000000_fixed/summary.json,7685e62f13377c64e4819617d81ca47c2425a3a59c9783b223b57d1ac01e32e0
3602,s1v5_128_y_ep_bi_0p125xL4_3ep_fixed,126,42,1.5526514053344727,4.109163761138916,5.661815166473389,/tmp/ngram_gap_remote_summaries_all2/3602/s1v5_128_y_ep_bi_0p125xL4_3ep_fixed/summary.json,f616128872bee43b6d058f8bf639328a3651543f87622266734d9e1620369e5c
3602,nglab1x_v_v4_fixed,2000,42,0.16833066940307617,5.734095096588135,5.902425765991211,/tmp/ngram_gap_remote_summaries_all2/3602/nglab1x_v_v4_fixed/summary.json,0a70e765194883babc113915a5c73e3f9a63a54953d368c91a3333b8f528e903
3602,causalv5m2_mask_high_t50_e1_fixed,1000,42,2.727868676185608,3.808650493621826,6.536519169807434,/tmp/ngram_gap_remote_summaries_all2/3602/causalv5m2_mask_high_t50_e1_fixed/summary.json,550d70789090553f687c880b82337c459490688914eab263a7fb91e528f33e4d
3602,s1v5_128_v_ep_bi_2p0xL4_3ep_fixed,2022,42,4.8479554653167725,1.2991207838058472,6.14707624912262,/tmp/ngram_gap_remote_summaries_all2/3602/s1v5_128_v_ep_bi_2p0xL4_3ep_fixed/summary.json,70ecd127a96920727fd779ccb997428b23638f030c51e23ed98415c01f5ee35b
3602,s1v5_128_v_tbl_bi1_R46_fixed,1000,42,0.022134065628051758,3.5856785774230957,3.6078126430511475,/tmp/ngram_gap_remote_summaries_all2/3602/s1v5_128_v_tbl_bi1_R46_fixed/summary.json,0f215594022abe5736a9241ad0337cd3ce8b1f409c114f5b1a4db69a44a3bddf
3602,s1v5_128_v_tbl_bi1_R215_fixed,1000,42,0.026616454124450684,3.568073272705078,3.594689726829529,/tmp/ngram_gap_remote_summaries_all2/3602/s1v5_128_v_tbl_bi1_R215_fixed/summary.json,2229e5999d0cfbecc672aae27f355b79087cb4c449701ac974dd8125af71a4c9
3602,nglab1x_nogram_v2_fixed,2000,42,0.2507283091545105,2.983835220336914,3.2345635294914246,/tmp/ngram_gap_remote_summaries_all2/3602/nglab1x_nogram_v2_fixed/summary.json,d815fbbcf7e51ed2d9fe689dabac226c23f103f6ebc7b9531b7795ca10379961
3602,s1v5_128_v_ep_bi_1xL4_10ep_fixed,3370,42,7.880033731460571,0.5570182800292969,8.437052011489868,/tmp/ngram_gap_remote_summaries_all2/3602/s1v5_128_v_ep_bi_1xL4_10ep_fixed/summary.json,6aaae54707d2d6ec406628218a7224c3bbf2aaae5455757ea9ba8a54f360a73d
3602,s1v5_128_v_tbl_bi1_R10000_fixed,1000,42,0.08999526500701904,3.5511159896850586,3.6411112546920776,/tmp/ngram_gap_remote_summaries_all2/3602/s1v5_128_v_tbl_bi1_R10000_fixed/summary.json,8f68510a67cd7dd343e8594c9d38430dc0abbb2ab6fa2089a3356b99597e81f7
3602,nglab1x_input_v4_fixed,2000,42,0.05056607723236084,6.426480770111084,6.477046847343445,/tmp/ngram_gap_remote_summaries_all2/3602/nglab1x_input_v4_fixed/summary.json,4c777c5b8ac30023b423a78bdf897b246696b84c1094e179e34f72b5094556e4
3602,optv5_rms_b099_s0p5_fixed,1000,42,0.4899393916130066,3.4878456592559814,3.977785050868988,/tmp/ngram_gap_remote_summaries_all2/3602/optv5_rms_b099_s0p5_fixed/summary.json,51636391ce87556dd935e9cc93d8101de9a62b8a529b9eeed21305e3c70a3286
3602,s1v5_128_v_tbl_bi1_R2347000_fixed,1000,42,1.9887232780456543,2.5040557384490967,4.492779016494751,/tmp/ngram_gap_remote_summaries_all2/3602/s1v5_128_v_tbl_bi1_R2347000_fixed/summary.json,23ea9d3fc7abb299a671a00ffa080c79784708edaa890946e0d30133bf8e9eff
3602,nglab1x_v_v5_s44_fixed,2000,44,2.723192811012268,1.9496426582336426,4.672835469245911,/tmp/ngram_gap_remote_summaries_all2/3602/nglab1x_v_v5_s44_fixed/summary.json,142067619afb0667231c546243ee0655d48e2914579c58396410fe7ef86df68f
3602,s1v5_128_y_ep_bi_1p0xL4_3ep_fixed,1011,42,0.8192732334136963,3.2189807891845703,4.038254022598267,/tmp/ngram_gap_remote_summaries_all2/3602/s1v5_128_y_ep_bi_1p0xL4_3ep_fixed/summary.json,0b021020039160f57d344ab0ff81fb81411e74f2ea93869cdb1b918275b2573f
3602,optv5f_rms_b099_s64p0_2k_fixed,2000,42,5.7398601770401,1.2247869968414307,6.964647173881531,/tmp/ngram_gap_remote_summaries_all2/3602/optv5f_rms_b099_s64p0_2k_fixed/summary.json,1ce946c25dc4e8d8be356938731f3b20bd37979b07caca368556953f6a4854ec
3602,optv5_rms_b0999_s2p0_fixed,1000,42,1.6288405656814575,2.867295503616333,4.4961360692977905,/tmp/ngram_gap_remote_summaries_all2/3602/optv5_rms_b0999_s2p0_fixed/summary.json,08bad3fb230031b5cb5a7464924fdb4e610dfa6d9e74323687076fc5ffdde005
3602,s1v5_128_v_tbl_bi1_R494000_fixed,1000,42,0.9782580733299255,3.0191092491149902,3.9973673224449158,/tmp/ngram_gap_remote_summaries_all2/3602/s1v5_128_v_tbl_bi1_R494000_fixed/summary.json,59d0538c4acf1bab88e50e55534aa1894a0fd686ca08bf5c7b347803f2c0cb44
3602,s1v5_128_v_tbl_bi1_R5_fixed,1000,42,0.030238211154937744,3.580167055130005,3.6104052662849426,/tmp/ngram_gap_remote_summaries_all2/3602/s1v5_128_v_tbl_bi1_R5_fixed/summary.json,1eb9fcd1a306b8c28499542b75bb16d7dd6587824d868a04a97726fd0180975f
3602,ffqv5_freeze_backbone_e2_10ep_fixed,3370,42,2.7267719507217407,2.2359519004821777,4.9627238512039185,/tmp/ngram_gap_remote_summaries_all2/3602/ffqv5_freeze_backbone_e2_10ep_fixed/summary.json,9012a482edf24e2aff0920f1c43bd43a86d6069e0ba407c80663f4e2d347144b
3602,causalv5m2_mask_high_t2_e1_fixed,1000,42,1.7522631883621216,4.209877014160156,5.962140202522278,/tmp/ngram_gap_remote_summaries_all2/3602/causalv5m2_mask_high_t2_e1_fixed/summary.json,f7744789e7fd3167b715c3f2aff036c37299ed0ab2dc18b14413099a78c018e3
3602,causalv5m_mask_high_t25_e1_128x_fixed,1000,42,2.6002100706100464,4.037691593170166,6.637901663780212,/tmp/ngram_gap_remote_summaries_all2/3602/causalv5m_mask_high_t25_e1_128x_fixed/summary.json,83fcdebbb288a551e1d123cfb0f2b928f12d9471f918ed6c0b7378d95e48950b
3602,optv5f_rms_b099_s128p0_fixed,1000,42,2.7320553064346313,2.546813488006592,5.278868794441223,/tmp/ngram_gap_remote_summaries_all2/3602/optv5f_rms_b099_s128p0_fixed/summary.json,e9cd6338de8b237b374035d405af1c934b75f627ac2b16490864eb44db756569
3602,optv5_rms_b099_s1p0_curve_fixed,1000,42,0.8557900190353394,3.263543128967285,4.1193331480026245,/tmp/ngram_gap_remote_summaries_all2/3602/optv5_rms_b099_s1p0_curve_fixed/summary.json,da4e0fceb4ea553765ad0e120a3fc59d99ecf6be008023bcbc282645b29818c9
ophis,nglab1x_opt_rmsprop_2x_fixed,2000,42,4.67380428314209,1.7388821840286255,6.412686467170715,/tmp/ngram_gap_remote_summaries_all2/ophis/nglab1x_opt_rmsprop_2x_fixed/summary.json,2a3f1511954e713a3cd952d14af357fd25218f5eae45dc2d4d08e431ba36d2cb
ophis,s1v5_128_y_tbl_bi1_R22_fixed,1000,42,0.035174548625946045,3.57763409614563,3.612808644771576,/tmp/ngram_gap_remote_summaries_all2/ophis/s1v5_128_y_tbl_bi1_R22_fixed/summary.json,2152f92a58ed60952b3f68160dae98d42ea034d8c22a31ecab61c3b7bfd51a16
ophis,s1v5_128_y_tbl_bi1_R464_fixed,1000,42,0.05522048473358154,3.6316728591918945,3.686893343925476,/tmp/ngram_gap_remote_summaries_all2/ophis/s1v5_128_y_tbl_bi1_R464_fixed/summary.json,6560f681acee73d6225f3799030f374ddb21fce36f83116a6b5e139873dc5ef4
ophis,causalv5c_reset_table_e2_128x_fixed,1000,42,0.07489526271820068,4.409884929656982,4.484780192375183,/tmp/ngram_gap_remote_summaries_all2/ophis/causalv5c_reset_table_e2_128x_fixed/summary.json,fe3a4ea4d763c51405cf79ee1faa00a4d25cd1b2718b7bf8b187e9c4930ba98e
ophis,s1v5_128_y_tbl_bi1_R41000_fixed,1000,42,0.18052291870117188,3.5678422451019287,3.7483651638031006,/tmp/ngram_gap_remote_summaries_all2/ophis/s1v5_128_y_tbl_bi1_R41000_fixed/summary.json,73799b864f7f4746257fc8057d5b6faba518f5273933959dcf2f7bec960e7351
ophis,nglab4x_e6_v2_fixed,6700,42,3.144759774208069,1.4782774448394775,4.623037219047546,/tmp/ngram_gap_remote_summaries_all2/ophis/nglab4x_e6_v2_fixed/summary.json,08c609ef6f0eb8db64457315de66ad644a7c3bdeb4556b8c30cae786231c2ddd
ophis,nglab_smoke_fd2_fixed,100,42,0.005174517631530762,5.484273433685303,5.4894479513168335,/tmp/ngram_gap_remote_summaries_all2/ophis/nglab_smoke_fd2_fixed/summary.json,ed30858d140a180303b7a0ee351c5c294c5453cba42b91cb4bc32f96364b39aa
ophis,s1v5_128_y_tbl_bi1_R494000_fixed,1000,42,0.6906424760818481,3.269357919692993,3.9600003957748413,/tmp/ngram_gap_remote_summaries_all2/ophis/s1v5_128_y_tbl_bi1_R494000_fixed/summary.json,0a50a1d7db3610e66b61d3edf074d9d6736dcad910332394822aff4ffaa0a502
ophis,nglab3x_e6_v2_fixed,5000,42,3.502145528793335,1.435321569442749,4.937467098236084,/tmp/ngram_gap_remote_summaries_all2/ophis/nglab3x_e6_v2_fixed/summary.json,b38edd1e2d57734567383d6143ed9cce3f92d8e09f1be883f8c9d4a33a70e0ca
ophis,nglab5x_input_v3_fixed,2000,42,0.08003759384155273,3.10386061668396,3.1838982105255127,/tmp/ngram_gap_remote_summaries_all2/ophis/nglab5x_input_v3_fixed/summary.json,5f24aae7fedc963e7f309ecf8468bcd9fabbccfc2809ed054d748e1580d21a0e
ophis,ngram5_order5_trigram_lr1x_fixed,,,,,,/tmp/ngram_gap_remote_summaries_all2/ophis/ngram5_order5_trigram_lr1x_fixed/summary.json,66e505ae6fd081d9d6f4c70dc3fdd8afa13a5f548beaf589e53e4989bf55575f
ophis,blrabs_nogram_lr0p0040_tlr0p0768_3k_fixed,3000,42,0.041176557540893555,6.330933570861816,6.37211012840271,/tmp/ngram_gap_remote_summaries_all2/ophis/blrabs_nogram_lr0p0040_tlr0p0768_3k_fixed/summary.json,4d9abb3cba3457b667729dbad60de0a33baf4bc2c47f475d0233098ad9b9b4f2
ophis,s1v5_128_input_ep2_2xL4_3ep_fixed,2010,42,2.2854769229888916,2.5053186416625977,4.790795564651489,/tmp/ngram_gap_remote_summaries_all2/ophis/s1v5_128_input_ep2_2xL4_3ep_fixed/summary.json,587360828e179aca0875678b61b765259743dbf1f63adac3875bc0e9905ca9df
ophis,nglab2x_opt_rmsprop_2x_b2_09999_fixed,2000,42,0.8129974007606506,2.78798246383667,3.6009798645973206,/tmp/ngram_gap_remote_summaries_all2/ophis/nglab2x_opt_rmsprop_2x_b2_09999_fixed/summary.json,427b0833ad0152b3655107159bc5d91d156b4bca038a112a209c1e6ee1aa9a99
ophis,s1v5_128_v_ep2_2xL4_3ep_fixed,2010,42,1.0489663481712341,2.5699501037597656,3.6189164519309998,/tmp/ngram_gap_remote_summaries_all2/ophis/s1v5_128_v_ep2_2xL4_3ep_fixed/summary.json,c1328d6cfb33e29a4c76d7265ab8992950dbdacd44e46c82f42fe9ede95b668a
ophis,nglab1_5x_e5_v5_fixed,2525,42,4.027085542678833,1.423491358757019,5.450576901435852,/tmp/ngram_gap_remote_summaries_all2/ophis/nglab1_5x_e5_v5_fixed/summary.json,24610aa9a587b1d799e1a472ab52e58b86a634e2478442c07e3f60f9a5cafdbe
ophis,ctbl_dim192_input_v5_fixed,1000,42,0.8030151724815369,3.203356981277466,4.006372153759003,/tmp/ngram_gap_remote_summaries_all2/ophis/ctbl_dim192_input_v5_fixed/summary.json,8445235b4cc02032d3ea4718a1f95d4e64499dacd415410bffed16cf0b87e6c9
ophis,nglab2x_e6_v2_fixed,3350,42,4.067199110984802,1.3827768564224243,5.449975967407227,/tmp/ngram_gap_remote_summaries_all2/ophis/nglab2x_e6_v2_fixed/summary.json,b48d764fa12c1cc80f12b8211c9cef41cadf7b538afc694191d95db2deaa4027
ophis,nglab0_5x_e5_v5_fixed,840,42,4.325361132621765,1.8297579288482666,6.155119061470032,/tmp/ngram_gap_remote_summaries_all2/ophis/nglab0_5x_e5_v5_fixed/summary.json,1e83cfc7baa8f9ba485c3ad447b32d66234a2393d78b3de744615d0ec585f825
ophis,blrabs_nogram_lr0p0020_tlr0p0768_3k_fixed,3000,42,0.05579185485839844,3.4500274658203125,3.505819320678711,/tmp/ngram_gap_remote_summaries_all2/ophis/blrabs_nogram_lr0p0020_tlr0p0768_3k_fixed/summary.json,1306f4cdfd9e883c8171879a663f457b2e08291dc30ec904389d292179b6a2d3
ophis,nglab1x_e5_v5_fixed,1685,42,4.502953767776489,1.3743138313293457,5.877267599105835,/tmp/ngram_gap_remote_summaries_all2/ophis/nglab1x_e5_v5_fixed/summary.json,7ee123cc1cac99ab204eab1c8afa307d79f7bc4599a68fb5ad232aee2cba47c6
ophis,s1v5_128_y_tbl_bi1_R56000_fixed,1000,42,0.20322144031524658,3.5583927631378174,3.761614203453064,/tmp/ngram_gap_remote_summaries_all2/ophis/s1v5_128_y_tbl_bi1_R56000_fixed/summary.json,3d6a34d8e2822aeab6621b38aba9c5cb9eb3d64d7a9d1bbe02554ca4c1325e4c
ophis,vanilla_probe_input_fixed,1000,42,1.0786945819854736,3.4298532009124756,4.508547782897949,/tmp/ngram_gap_remote_summaries_all2/ophis/vanilla_probe_input_fixed/summary.json,e48cfd66977a43831a0aace9c32de60f3fffca6a8bcfe4e78acff960b04cd410
ophis,s1v5_128_y_tbl_bi1_R215_fixed,1000,42,0.04681742191314697,3.657776355743408,3.704593777656555,/tmp/ngram_gap_remote_summaries_all2/ophis/s1v5_128_y_tbl_bi1_R215_fixed/summary.json,4dd3fb56980babe1a8ef07b80e56d631bdd72f767f6979ef8ade8ed84def9c2f
ophis,optv5c_sgd_m0_s2p0_s43_fixed,1000,43,0.0283852219581604,3.8019306659698486,3.830315887928009,/tmp/ngram_gap_remote_summaries_all2/ophis/optv5c_sgd_m0_s2p0_s43_fixed/summary.json,01d5ca1837d5d8bd97c33c9f3c5e5a9b9b708e47a0ff686663cc7133e45ca3ec
ophis,s1v5_128_y_tbl_bi1_R194000_fixed,1000,42,0.4250803589820862,3.3928334712982178,3.817913830280304,/tmp/ngram_gap_remote_summaries_all2/ophis/s1v5_128_y_tbl_bi1_R194000_fixed/summary.json,ed6c6e7b837efb9c6ff0148e4f36a32ace82408bf213fe5015f887865e778b9a
ophis,causalv5c_mask_readout_e1_fixed,1000,42,0.016309738159179688,3.6676504611968994,3.683960199356079,/tmp/ngram_gap_remote_summaries_all2/ophis/causalv5c_mask_readout_e1_fixed/summary.json,0b67f79e0236a3038609eb003284028b6e51e205a6d2b3567b9186ff1cc58550
ophis,corpus_rbar_freq_v1,,,,,,/tmp/ngram_gap_remote_summaries_all2/ophis/corpus_rbar_freq_v1_fixed/summary.json,8c478d4adc2e132a98163873a8ecd5feafa0bae69362b2e3df6d0dae462644fa
ophis,causalv5c_hash_reseed_e1_fixed,1000,42,0.6370717287063599,3.378300189971924,4.015371918678284,/tmp/ngram_gap_remote_summaries_all2/ophis/causalv5c_hash_reseed_e1_fixed/summary.json,e804f304ec67878f113d439d9b33ec2ecf5b67ef4552697d4e1308d28fe6c897
ophis,s1v5_128_y_tbl_bi1_R922000_fixed,1000,42,0.8294925689697266,3.1947343349456787,4.024226903915405,/tmp/ngram_gap_remote_summaries_all2/ophis/s1v5_128_y_tbl_bi1_R922000_fixed/summary.json,df38f293bd1b64236c2320388e50f1477e9afe41ded73e02c9ed3306f700af06
ophis,causalv5c_freeze_table_e1_128x_fixed,1000,42,3.452124238014221,2.1111199855804443,5.5632442235946655,/tmp/ngram_gap_remote_summaries_all2/ophis/causalv5c_freeze_table_e1_128x_fixed/summary.json,54ccf1c6e1157e7bab6ee7d17c438c5973802d8b7b7acc6e3e2076ece43723ee
ophis,nglab1x_input_rho_v5_fixed,2000,42,5.5833359360694885,0.95034259557724,6.5336785316467285,/tmp/ngram_gap_remote_summaries_all2/ophis/nglab1x_input_rho_v5_fixed/summary.json,769d3319f8ebe71ef4fd2ac791ab22aa0de88496e25d5c95b019f1d1c3db917c
ophis,causalv5c_mask_high_f200_e1_fixed,1000,42,1.528893232345581,3.0910046100616455,4.619897842407227,/tmp/ngram_gap_remote_summaries_all2/ophis/causalv5c_mask_high_f200_e1_fixed/summary.json,25dfb18553406022bb625ed84510d3d1a4b906e4e2a55dfc26c8c1cdbf12e0b1
ophis,nglab5x_input_v2_fixed,2000,42,0.04284101724624634,3.187838554382324,3.2306795716285706,/tmp/ngram_gap_remote_summaries_all2/ophis/nglab5x_input_v2_fixed/summary.json,6e5dd1a176bbe4a012364f30af39d64ea077a7fef2b24eeb2263dbb9c671e1ba
ophis,s1v5_128_y_tbl_bi1_R142000_fixed,1000,42,0.3748164772987366,3.450890302658081,3.8257067799568176,/tmp/ngram_gap_remote_summaries_all2/ophis/s1v5_128_y_tbl_bi1_R142000_fixed/summary.json,33e7c1b761f79f343eb50e21b3f3c680e4b732c4aaa7589874b5bac18c8777ae
ophis,nglab1x_opt_rmsprop_4x_b2_099_fixed,2000,42,5.503654718399048,1.5081731081008911,7.011827826499939,/tmp/ngram_gap_remote_summaries_all2/ophis/nglab1x_opt_rmsprop_4x_b2_099_fixed/summary.json,5fa1fd85f92977622c0e0dbca138aae2a73549e597fb45b8cc1d2806100699a9
ophis,nglab3x_input_v3_fixed,2000,42,0.4862048029899597,2.9277355670928955,3.4139403700828552,/tmp/ngram_gap_remote_summaries_all2/ophis/nglab3x_input_v3_fixed/summary.json,56ea355bcd47322e7be36985be3543cb7f838a84cfae29e5b7cf11300cac7f45
ophis,optv5c_sgd_m0_s2p0_s44_fixed,1000,44,0.05485051870346069,3.846278429031372,3.9011289477348328,/tmp/ngram_gap_remote_summaries_all2/ophis/optv5c_sgd_m0_s2p0_s44_fixed/summary.json,2e347cca8a4b991f851370b4da53af5afcad564d3a0a2fcc57abfbc1fb58a342
ophis,s1v5_128_y_tbl_bi1_R265000_fixed,1000,42,0.5147939324378967,3.3832716941833496,3.8980656266212463,/tmp/ngram_gap_remote_summaries_all2/ophis/s1v5_128_y_tbl_bi1_R265000_fixed/summary.json,6b66df9fdc44ea43b8757053903756f2c6f0be99026caa82ddcbd24d70bd4fa4
ophis,s1v5_128_v_ep2_1p25xL4_3ep_fixed,1260,42,1.2695680260658264,2.7125065326690674,3.982074558734894,/tmp/ngram_gap_remote_summaries_all2/ophis/s1v5_128_v_ep2_1p25xL4_3ep_fixed/summary.json,36d72f58e93503f241a2599be18a7ab5a99497e72cf1f01729b9886e18c49b0e
ophis,nglab0_25x_e6_v2_fixed,420,42,1.8516888618469238,4.169798374176025,6.021487236022949,/tmp/ngram_gap_remote_summaries_all2/ophis/nglab0_25x_e6_v2_fixed/summary.json,43215e3fa734fe43ba34c8192ce5726596a22ab24dc82a193e1e74971fe9c3db
ophis,nglab2_5x_e5_v5_fixed,4190,42,2.958282470703125,1.6525832414627075,4.6108657121658325,/tmp/ngram_gap_remote_summaries_all2/ophis/nglab2_5x_e5_v5_fixed/summary.json,c8cd7b8dc6cbd965767d462eb63a59901ca1d0171d6b66defcfceddb3ac571b8
ophis,s1v5_128_y_ep2_1p75xL4_3ep_fixed,1758,42,0.6864762306213379,2.85722279548645,3.543699026107788,/tmp/ngram_gap_remote_summaries_all2/ophis/s1v5_128_y_ep2_1p75xL4_3ep_fixed/summary.json,012c948d50e27be9861b4db3fd327bdb84658b98df2a4c9325fb01743049dbb4
ophis,probe_b2_098_lr2_fixed,1000,42,1.136130452156067,3.3706512451171875,4.506781697273254,/tmp/ngram_gap_remote_summaries_all2/ophis/probe_b2_098_lr2_fixed/summary.json,b24d8aee7e5b1815f99bd06346a533329a47a347e6674afd123c5481b1c6c977
ophis,ngram5_order5_trigram_fixed,,,,,,/tmp/ngram_gap_remote_summaries_all2/ophis/ngram5_order5_trigram_fixed/summary.json,fde460a5c0ce4032a17be218087fc934f6b50ffce76503236702bfeaf458effd
ophis,blrabs_input_lr0p0040_tlr0p0768_3k_fixed,3000,42,0.07579600811004639,6.714308738708496,6.7901047468185425,/tmp/ngram_gap_remote_summaries_all2/ophis/blrabs_input_lr0p0040_tlr0p0768_3k_fixed/summary.json,833bd3b7a1c14e79cdb2737b095ae348125328d0d8543cc8accddea3d13f40d5
ophis,vanilla_probe_nogram_fixed,1000,42,0.039527297019958496,5.300151824951172,5.33967912197113,/tmp/ngram_gap_remote_summaries_all2/ophis/vanilla_probe_nogram_fixed/summary.json,c097ae85a886b63135c4cf57696e00afa856325bd277ccfed54d8f237cde4727
ophis,probe_b2_099_lr1_fixed,1000,42,0.7932273149490356,3.657153367996216,4.4503806829452515,/tmp/ngram_gap_remote_summaries_all2/ophis/probe_b2_099_lr1_fixed/summary.json,fc6d7edb5a1ac42885f4ab7ac17c1352514de089283919a4a36fef45dc546f8c
ophis,nglab2x_input_rho_v5_fixed,2000,42,1.2487484812736511,2.5794763565063477,3.828224837779999,/tmp/ngram_gap_remote_summaries_all2/ophis/nglab2x_input_rho_v5_fixed/summary.json,a24870b4a56ffef05e2abb36238906d771a1d43aa364bd534eb3593d1f184598
ophis,causalv5c_freeze_backbone_e1_fixed,1000,42,0.821468710899353,3.738443613052368,4.559912323951721,/tmp/ngram_gap_remote_summaries_all2/ophis/causalv5c_freeze_backbone_e1_fixed/summary.json,1bf10281895da4a3da5779d70d61f0365992404492807b4a474e44204aa89fc1
ophis,s1v5_128_y_tbl_bi1_R46_fixed,1000,42,0.034136295318603516,3.6176843643188477,3.651820659637451,/tmp/ngram_gap_remote_summaries_all2/ophis/s1v5_128_y_tbl_bi1_R46_fixed/summary.json,53729212bac458f82ff8c869345a496a72b3957beeeaf04417c1962dd422a089
ophis,s1v5_128_y_tbl_bi1_R1719000_fixed,1000,42,0.999900221824646,3.1140854358673096,4.113985657691956,/tmp/ngram_gap_remote_summaries_all2/ophis/s1v5_128_y_tbl_bi1_R1719000_fixed/summary.json,46f9d3c480287daf4baba490fc16a0d0cb077b734fc058882dfd4b2dbf774080
ophis,blrabs_input_lr0p0020_tlr0p0768_3k_fixed,3000,42,8.555587112903595,0.8104702830314636,9.366057395935059,/tmp/ngram_gap_remote_summaries_all2/ophis/blrabs_input_lr0p0020_tlr0p0768_3k_fixed/summary.json,74af02fd54f0d717540c02d09f593ea6da042c3758719ecffd63267d1def3da3
ophis,s1v5_128_y_tbl_bi1_R30000_fixed,1000,42,0.12969428300857544,3.5691778659820557,3.698872148990631,/tmp/ngram_gap_remote_summaries_all2/ophis/s1v5_128_y_tbl_bi1_R30000_fixed/summary.json,8a4ef98bd85c9c897b6d63f1e11ab5f7056f4a5e54eb0885ccc2660d8d5b696d
ophis,nglab1x_y_v5_128x_freq10_fixed,2000,42,5.248374819755554,1.2027487754821777,6.451123595237732,/tmp/ngram_gap_remote_summaries_all2/ophis/nglab1x_y_v5_128x_freq10_fixed/summary.json,4969e58266805ace459190ce769632cc27a903394e5ddaf128da55ddcf6b09b8
ophis,causalv5c_mask_readout_e1_128x_fixed,1000,42,0.008122801780700684,3.931687355041504,3.9398101568222046,/tmp/ngram_gap_remote_summaries_all2/ophis/causalv5c_mask_readout_e1_128x_fixed/summary.json,1e840f2f7e85a0d93ac8784aa2c2cb27313c7c129ac2737d68b56d93ebdeefc4
ophis,nglab0_75x_e5_v5_fixed,1260,42,4.511282205581665,1.4912900924682617,6.002572298049927,/tmp/ngram_gap_remote_summaries_all2/ophis/nglab0_75x_e5_v5_fixed/summary.json,6f6df2739a4ec5965583bfdfad9bd50ce25b54b080bcf65e3f01089c14d73a69
ophis,nglab4x_input_v3_fixed,2000,42,0.4873107075691223,2.8308212757110596,3.318131983280182,/tmp/ngram_gap_remote_summaries_all2/ophis/nglab4x_input_v3_fixed/summary.json,b1b23dda1f729cf66062de3112b6d7bad53da60045315400dbb3291bc156b9a8
ophis,s1v5_128_input_ep2_1p75xL4_3ep_fixed,1758,42,2.372405529022217,2.453078269958496,4.825483798980713,/tmp/ngram_gap_remote_summaries_all2/ophis/s1v5_128_input_ep2_1p75xL4_3ep_fixed/summary.json,b0e3ef6d401bc3165e6e28ee6b7ef63c0b3647b73f2dc34023d36d632657aabb
ophis,causalv5c_mask_high_f200_e1_128x_fixed,1000,42,2.808439254760742,3.217118740081787,6.025557994842529,/tmp/ngram_gap_remote_summaries_all2/ophis/causalv5c_mask_high_f200_e1_128x_fixed/summary.json,857a9dcb2ce59aa7137cebaa4d3452933958cf4ce199cc4f27bd3f0f63063fde
ophis,nglab1x_v_v5_128x_freq10_fixed,2000,42,7.6481713950634,0.3845755159854889,8.03274691104889,/tmp/ngram_gap_remote_summaries_all2/ophis/nglab1x_v_v5_128x_freq10_fixed/summary.json,fc0e70aad34ebf4b307f93835185d60a0766aab7372d926f2679a772acdea773
ophis,s1v5_128_y_ep2_1p5xL4_3ep_fixed,1515,42,0.716357409954071,2.921952724456787,3.638310134410858,/tmp/ngram_gap_remote_summaries_all2/ophis/s1v5_128_y_ep2_1p5xL4_3ep_fixed/summary.json,96630de52afc9e8588ff95dad8e739ac4178e30fe3a0cc980b0d639c308b3ef4
ophis,s1v5_128_y_tbl_bi1_R2000000_fixed,1000,42,1.00772225856781,3.114048957824707,4.121771216392517,/tmp/ngram_gap_remote_summaries_all2/ophis/s1v5_128_y_tbl_bi1_R2000000_fixed/summary.json,77c355e2cf903a7b77eee010a28f676d40fb26631a3688483a266168155d35d2
ophis,causalv5c_reset_table_e1_fixed,1000,42,0.7036852836608887,3.295055389404297,3.9987406730651855,/tmp/ngram_gap_remote_summaries_all2/ophis/causalv5c_reset_table_e1_fixed/summary.json,298501f47433854bad25eeb6ba192f4d4da65d6a0920c093b415f3773aa1b398
ophis,causalv5c_freeze_backbone_e1_128x_fixed,1000,42,1.22992742061615,3.57426381111145,4.8041912317276,/tmp/ngram_gap_remote_summaries_all2/ophis/causalv5c_freeze_backbone_e1_128x_fixed/summary.json,f2435aea0acaedeaee00f2647c812f718ec3d3c5b7c6cbcda891b8ce44961299
ophis,blrabs_input_lr0p0010_tlr0p0768_6k_fixed,6000,42,12.239798754453659,0.1487293541431427,12.388528108596802,/tmp/ngram_gap_remote_summaries_all2/ophis/blrabs_input_lr0p0010_tlr0p0768_6k_fixed/summary.json,d7761bd293fd21e0bec3d6da549aa6b2bf68c7a4f2716e45eacc22414239657c
ophis,ls20ep_input_v5_128x_fd_fixed,6740,42,12.403354689478874,0.10883279144763947,12.512187480926514,/tmp/ngram_gap_remote_summaries_all2/ophis/ls20ep_input_v5_128x_fd_fixed/summary.json,1b3025c82c88293c9e189f66e0337ae4c8f74e0b38fa83430d37a171c1fd7ffb
ophis,s1v5_128_y_tbl_bi1_R104000_fixed,1000,42,0.30235594511032104,3.4626171588897705,3.7649731040000916,/tmp/ngram_gap_remote_summaries_all2/ophis/s1v5_128_y_tbl_bi1_R104000_fixed/summary.json,27f34f2cd5c089f6e7946385e7341263d19fea3814a1a433e08e6e58605f2704
ophis,s1v5_128_y_tbl_bi1_R362000_fixed,1000,42,0.6148095726966858,3.304316759109497,3.919126331806183,/tmp/ngram_gap_remote_summaries_all2/ophis/s1v5_128_y_tbl_bi1_R362000_fixed/summary.json,6fe4213f017b27588f85e68c8ebe13aaf19aba9d1288b43958f86c3cca9b563f
ophis,blrabs_input_lr0p0003_tlr0p0768_20k_fixed,20000,42,17.04288516752422,0.023140566423535347,17.066025733947754,/tmp/ngram_gap_remote_summaries_all2/ophis/blrabs_input_lr0p0003_tlr0p0768_20k_fixed/summary.json,9d9a4adad848692e782138a3e485c113dad2879c50cf0782a23ae19ca9b1b751
ophis,causalv5c_none_128x_fixed,1000,42,2.7237783670425415,2.574164390563965,5.297942757606506,/tmp/ngram_gap_remote_summaries_all2/ophis/causalv5c_none_128x_fixed/summary.json,b74c71450c6782bffb68a6c8ff357a3bca9515f5b0e02acda1337a8e452d7755
ophis,ls20ep_nogram_v5_128x_fd_fixed,6740,42,1.0329766869544983,2.5587704181671143,3.5917471051216125,/tmp/ngram_gap_remote_summaries_all2/ophis/ls20ep_nogram_v5_128x_fd_fixed/summary.json,bac95a286cf1a27efa9fc9486ea259ae5a89f30a70758bfba80e1fd25c5aa872
ophis,nglab0_25x_e5_v5_fixed,420,42,3.7989823818206787,2.3954811096191406,6.194463491439819,/tmp/ngram_gap_remote_summaries_all2/ophis/nglab0_25x_e5_v5_fixed/summary.json,7fd9a9765ccd2651b0292f6112eeb1ff6492301fc577d1f42ee15a70ed6c6fab
ophis,s1v5_128_y_tbl_bi1_R16000_fixed,1000,42,0.08900225162506104,3.8910937309265137,3.9800959825515747,/tmp/ngram_gap_remote_summaries_all2/ophis/s1v5_128_y_tbl_bi1_R16000_fixed/summary.json,41cbda02477279bd05b2ea6d621a9511e39e51e8898559db43e8073189a87cf2
ophis,s1v5_128_input_ep2_1p25xL4_3ep_fixed,1260,42,2.5999191999435425,2.487379789352417,5.0872989892959595,/tmp/ngram_gap_remote_summaries_all2/ophis/s1v5_128_input_ep2_1p25xL4_3ep_fixed/summary.json,38b0b20afe46c5e5eee7abdcd4eb65d2e6a4d468f1c7633d26d592894b481604
ophis,s1v5_128_y_tbl_bi1_R22000_fixed,1000,42,0.14755266904830933,3.6114659309387207,3.75901859998703,/tmp/ngram_gap_remote_summaries_all2/ophis/s1v5_128_y_tbl_bi1_R22000_fixed/summary.json,b3ad310793aed9096522a50ced4d94449ccae145faae6496262872507fc70b52
ophis,nglab2_5x_e6_v2_fixed,4190,42,3.8380311727523804,1.334403157234192,5.172434329986572,/tmp/ngram_gap_remote_summaries_all2/ophis/nglab2_5x_e6_v2_fixed/summary.json,0b8d141eaea0329a51ba49a602a6a29463d929482b4bbd913a938276bf93928d
ophis,nglab8x_input_v2_fixed,2000,42,-0.07246154546737671,3.2036681175231934,3.1312065720558167,/tmp/ngram_gap_remote_summaries_all2/ophis/nglab8x_input_v2_fixed/summary.json,250ee6752c33acf9a0f275c51a9c87ffae472100d27ea884b8a09ac33ac82d1b
ophis,causalv5c_none_fixed,1000,42,1.543546199798584,2.8948729038238525,4.4384191036224365,/tmp/ngram_gap_remote_summaries_all2/ophis/causalv5c_none_fixed/summary.json,ab876b9936c3456a7bd643ad47200a60fb44a89187b662f6efac76b21b2cf635
ophis,optv5c_rms_b099_s2p0_r1_s43_fixed,1000,43,1.5385245084762573,2.8985800743103027,4.43710458278656,/tmp/ngram_gap_remote_summaries_all2/ophis/optv5c_rms_b099_s2p0_r1_s43_fixed/summary.json,aebe1c374a55df34099c823934bdbc71f1f581ac7da8462b2aa61df672522265
ophis,s1v5_128_y_tbl_bi1_R675000_fixed,1000,42,0.7713228464126587,3.2056658267974854,3.976988673210144,/tmp/ngram_gap_remote_summaries_all2/ophis/s1v5_128_y_tbl_bi1_R675000_fixed/summary.json,8d78ef80d93663bf722e2e25e2bceda71b771c3566388bccbbe93ff98f311850
ophis,s1v5_128_y_tbl_bi1_R100_fixed,1000,42,0.044273436069488525,3.6319591999053955,3.676232635974884,/tmp/ngram_gap_remote_summaries_all2/ophis/s1v5_128_y_tbl_bi1_R100_fixed/summary.json,547e2530085415cb72cd63da122f3d723f232ed0c08313cf4f1bf2efec36ab13
ophis,blrabs_input_lr0p0001_tlr0p0768_3k_fixed,3000,42,4.749833464622498,1.6098053455352783,6.359638810157776,/tmp/ngram_gap_remote_summaries_all2/ophis/blrabs_input_lr0p0001_tlr0p0768_3k_fixed/summary.json,d27edd68bc58c1848d510ae232a620ba18b33e819cae35e4f50948b26e2ada82
ophis,s1v5_128_v_ep2_1p5xL4_3ep_fixed,1515,42,1.2303423881530762,2.6106173992156982,3.8409597873687744,/tmp/ngram_gap_remote_summaries_all2/ophis/s1v5_128_v_ep2_1p5xL4_3ep_fixed/summary.json,4a0818ecd3753f760d13ceda5b8f284ecf6911610e39f898ff9af0944fd0a6ce
ophis,nglab1x_opt_rmsprop_2x_b2_099_fixed,2000,42,5.498200535774231,1.5523035526275635,7.050504088401794,/tmp/ngram_gap_remote_summaries_all2/ophis/nglab1x_opt_rmsprop_2x_b2_099_fixed/summary.json,d8d3fd87a25b3bed34f8d7d729e80d592e87e9cb6dfb501ba924c320a514faeb
ophis,s1v5_128_y_tbl_bi1_R76000_fixed,1000,42,0.26358646154403687,3.509615898132324,3.773202359676361,/tmp/ngram_gap_remote_summaries_all2/ophis/s1v5_128_y_tbl_bi1_R76000_fixed/summary.json,b88429eefb67d46ce5e2b8c7286e488f5a00af9556d1a7cf810a5c5788b2364e
ophis,blrabs_nogram_lr0p0003_tlr0p0768_20k_fixed,20000,42,2.1083550453186035,2.1419310569763184,4.250286102294922,/tmp/ngram_gap_remote_summaries_all2/ophis/blrabs_nogram_lr0p0003_tlr0p0768_20k_fixed/summary.json,d0815b50356db9bf1b9cb42ffca5b6a7ddee0f52b6eeb94b4a4205674b3a3e05
ophis,s1v5_128_y_tbl_bi1_R2_fixed,1000,42,0.02186441421508789,3.562049388885498,3.583913803100586,/tmp/ngram_gap_remote_summaries_all2/ophis/s1v5_128_y_tbl_bi1_R2_fixed/summary.json,084922d509576cb28702082472a0b1e831ef8f80979aa9f0999989d17610d084
ophis,nglab2x_opt_rmsprop_2x_b2_099_fixed,2000,42,1.9952335357666016,2.256527900695801,4.251761436462402,/tmp/ngram_gap_remote_summaries_all2/ophis/nglab2x_opt_rmsprop_2x_b2_099_fixed/summary.json,9244d1b29450bf4df1479d79bd00318107560ecee3fcda4b7793c57062c9ce62
ophis,ngram5_order5_trigram_s43_fixed,,,,,,/tmp/ngram_gap_remote_summaries_all2/ophis/ngram5_order5_trigram_s43_fixed/summary.json,ecb3bd5ea691f49adf4576f452008df17cec8b559b69e547fb3e183f78be2147
ophis,s1v5_128_v_ep2_1p75xL4_3ep_fixed,1758,42,1.1193482279777527,2.5805180072784424,3.699866235256195,/tmp/ngram_gap_remote_summaries_all2/ophis/s1v5_128_v_ep2_1p75xL4_3ep_fixed/summary.json,0636fb1b4efeb60d214719fd685c13a2364178d9bc09732650929e77df279c16
ophis,nglab0_75x_e6_v2_fixed,1260,42,1.9861148595809937,3.05147385597229,5.037588715553284,/tmp/ngram_gap_remote_summaries_all2/ophis/nglab0_75x_e6_v2_fixed/summary.json,5bdd02c7ea1efa97b82b79f2af4f60080bde17edea66b6e82ed28b8e0bed217c
ophis,s1v5_128_y_tbl_bi1_R2347000_fixed,1000,42,0.9979428052902222,3.123565673828125,4.121508479118347,/tmp/ngram_gap_remote_summaries_all2/ophis/s1v5_128_y_tbl_bi1_R2347000_fixed/summary.json,88e82eea2e893fab6ae296deeef3c7086f10ab8c596d0991bccb41d94376f764
ophis,s1v5_128_y_tbl_bi1_R10_fixed,1000,42,0.021438777446746826,3.6194746494293213,3.640913426876068,/tmp/ngram_gap_remote_summaries_all2/ophis/s1v5_128_y_tbl_bi1_R10_fixed/summary.json,e6e6178071326a5dabe350d6d92c5cda4e2461f825943aded207d6e9ebe41fd4
ophis,s1v5_128_input_ep2_1p5xL4_3ep_fixed,1515,42,2.4814220666885376,2.4766769409179688,4.958099007606506,/tmp/ngram_gap_remote_summaries_all2/ophis/s1v5_128_input_ep2_1p5xL4_3ep_fixed/summary.json,4bf343f43b734331ba682d01fc082e0bc2699d5d6f68a97dce03d75d12afa83d
ophis,s1v5_128_y_ep2_1p25xL4_3ep_fixed,1260,42,0.81168133020401,3.0404810905456543,3.8521624207496643,/tmp/ngram_gap_remote_summaries_all2/ophis/s1v5_128_y_ep2_1p25xL4_3ep_fixed/summary.json,10c5e2905b34fd808444bdfe594f4ca666505b351980117da60b6bef67038431
ophis,s1v5_128_y_tbl_bi1_R2154_fixed,1000,42,0.09662479162216187,3.7119412422180176,3.8085660338401794,/tmp/ngram_gap_remote_summaries_all2/ophis/s1v5_128_y_tbl_bi1_R2154_fixed/summary.json,4781079c8c497de5e492dda240a9a530d8a350ac26e03fa5e09e5f6cc1438a25
ophis,nglab2x_opt_rmsprop_2x_fixed,2000,42,1.7402399778366089,2.3528950214385986,4.0931349992752075,/tmp/ngram_gap_remote_summaries_all2/ophis/nglab2x_opt_rmsprop_2x_fixed/summary.json,b3cd2641d8e125e346c842e40ade0b40124bc84d5995e53ee6b1f3032a8ebad8
ophis,nglab6x_input_v3_fixed,2000,42,-0.09032607078552246,3.222809314727783,3.1324832439422607,/tmp/ngram_gap_remote_summaries_all2/ophis/nglab6x_input_v3_fixed/summary.json,b2597b026e7861939d3fcd5787bbee41491c4bf625c0707586f839da9f81b811
ophis,nglab8x_input_v3_fixed,2000,42,-0.06984233856201172,3.2092413902282715,3.1393990516662598,/tmp/ngram_gap_remote_summaries_all2/ophis/nglab8x_input_v3_fixed/summary.json,4d90105b2bba3e0e380f8e9965888cebb253b277287d82ae1df54788e0c93356
ophis,causalv5c_mask_low_f200_e1_fixed,1000,42,0.06596088409423828,3.6123268604278564,3.6782877445220947,/tmp/ngram_gap_remote_summaries_all2/ophis/causalv5c_mask_low_f200_e1_fixed/summary.json,06e10ddff22504520e80a491b76143be9297f0c0e7ad490e6e22068fe9559508
ophis,blrabs_nogram_lr0p0010_tlr0p0768_6k_fixed,6000,42,0.7789963483810425,2.655062437057495,3.4340587854385376,/tmp/ngram_gap_remote_summaries_all2/ophis/blrabs_nogram_lr0p0010_tlr0p0768_6k_fixed/summary.json,a8ff3f7e281cb7729adbf60930932d3d52c28c373f169f7ff6740132e7c679f8
ophis,nglab1x_opt_rmsprop_2x_b2_098_fixed,2000,42,5.679240584373474,1.4598870277404785,7.139127612113953,/tmp/ngram_gap_remote_summaries_all2/ophis/nglab1x_opt_rmsprop_2x_b2_098_fixed/summary.json,d994587172e39e6bf7c7e51eca3fb7f2ae4e483280fa3da6b0480e37fcde7760
ophis,s1v5_128_y_ep2_2xL4_3ep_fixed,2010,42,0.6253218650817871,2.83489727973938,3.460219144821167,/tmp/ngram_gap_remote_summaries_all2/ophis/s1v5_128_y_ep2_2xL4_3ep_fixed/summary.json,05a929438d41f86bfa38e01256722f938dbc27452da30c765dacca178fa11124
ophis,nglab0_25x_input_v5_freq10_fixed,2000,42,11.53564653173089,0.03452744707465172,11.570173978805542,/tmp/ngram_gap_remote_summaries_all2/ophis/nglab0_25x_input_v5_freq10_fixed/summary.json,6f97b7077e47d46940c54567d87665389d7dd4c30c2e7b6454954581754d968b
ophis,nglab4x_e5_v5_fixed,6700,42,2.0888291597366333,1.9094431400299072,3.9982722997665405,/tmp/ngram_gap_remote_summaries_all2/ophis/nglab4x_e5_v5_fixed/summary.json,81022b0e247421095378de499b272587c64c7b10eaff9912eaf7dd7826500a5a
ophis,causalv5c_reset_table_e2_fixed,1000,42,0.06751507520675659,3.700861692428589,3.7683767676353455,/tmp/ngram_gap_remote_summaries_all2/ophis/causalv5c_reset_table_e2_fixed/summary.json,a19e9ccdaa11ff4a97ac228d85169bfb9382994b4d2dd84b7e9fdf4b55de7f60
ophis,nglab3x_e5_v5_fixed,5000,42,2.597377896308899,1.805371880531311,4.40274977684021,/tmp/ngram_gap_remote_summaries_all2/ophis/nglab3x_e5_v5_fixed/summary.json,a1fb6a5f2e1c56cdaa4bab07967c6bd3f399da131f335b0ab8e1763cb78ea123
ophis,s1v5_128_y_tbl_bi1_R5_fixed,1000,42,0.024964094161987305,3.5564002990722656,3.581364393234253,/tmp/ngram_gap_remote_summaries_all2/ophis/s1v5_128_y_tbl_bi1_R5_fixed/summary.json,113cb2e6b4b87e46db9fafd405e5c02c94a9933c17cb6459d3c53f274570a68f
ophis,blrabs_nogram_lr0p0006_tlr0p0768_10k_fixed,10000,42,1.397908866405487,2.353184938430786,3.751093804836273,/tmp/ngram_gap_remote_summaries_all2/ophis/blrabs_nogram_lr0p0006_tlr0p0768_10k_fixed/summary.json,65e20181ad21f03ae45bb8806fa45dca8b255ffb5cec7ff0072da78e82c5fd5f
ophis,nglab1x_nogram_v5_128x_freq10_fd_fixed,2000,42,0.23264080286026,3.107513427734375,3.340154230594635,/tmp/ngram_gap_remote_summaries_all2/ophis/nglab1x_nogram_v5_128x_freq10_fd_fixed/summary.json,adc81684def8e47a188d457ce75b76a3ea4978fc1a2124453ceba6295900b7aa
ophis,ngram5_order5_puretransformer_fixed,,,,,,/tmp/ngram_gap_remote_summaries_all2/ophis/ngram5_order5_puretransformer_fixed/summary.json,6325a0cf9aafbc14808c0ae307bc5a25e3aeab00f94c884eedf98379ce697620
ophis,optv5c_adamw_b099_s2p0_s43_fixed,1000,43,1.5281833410263062,2.8823306560516357,4.410513997077942,/tmp/ngram_gap_remote_summaries_all2/ophis/optv5c_adamw_b099_s2p0_s43_fixed/summary.json,5bdee1d827d0efd95da1e8eadb32a2ca2f95161d485571533218ce1e5d65a46d
ophis,nglab1_5x_e6_v2_fixed,2525,42,4.331485271453857,1.5168981552124023,5.84838342666626,/tmp/ngram_gap_remote_summaries_all2/ophis/nglab1_5x_e6_v2_fixed/summary.json,12ed51ec0a6e66fc208b2c94ddba974bc495d294b919ffcd3e0aa0561ce9f270
ophis,nglab2x_opt_rmsprop_2x_b2_099999_fixed,2000,42,0.720660388469696,2.8821945190429688,3.602854907512665,/tmp/ngram_gap_remote_summaries_all2/ophis/nglab2x_opt_rmsprop_2x_b2_099999_fixed/summary.json,9c1cd21a77d9f7a592012e1f5c96346486565f9ccf1ee803c2edff3302e9c259
ophis,nglab1x_input_v5_128x_freq10_fd_fixed,2000,42,5.675827383995056,1.2710798978805542,6.94690728187561,/tmp/ngram_gap_remote_summaries_all2/ophis/nglab1x_input_v5_128x_freq10_fd_fixed/summary.json,fed952882e48e65738848ee430759e0443e420f1b3115c3484356a96018e5945
ophis,nglab1x_v_v5_128x_freq10_fd_fixed,2000,42,7.805806517601013,0.35526883602142334,8.161075353622437,/tmp/ngram_gap_remote_summaries_all2/ophis/nglab1x_v_v5_128x_freq10_fd_fixed/summary.json,186fcf95198827b2a0bf523ff2e77645a3cfbf0b23e26ce12ec99ae0621cb9c0
ophis,nglab0_5x_e6_v2_fixed,840,42,1.8508024215698242,3.5042171478271484,5.355019569396973,/tmp/ngram_gap_remote_summaries_all2/ophis/nglab0_5x_e6_v2_fixed/summary.json,58e88132f0fd3f89cbb8fe89822f2190fa2a0fba8e69095461de97574793586d
ophis,causalv5c_reset_table_e1_128x_fixed,1000,42,1.4091306924819946,3.2867677211761475,4.695898413658142,/tmp/ngram_gap_remote_summaries_all2/ophis/causalv5c_reset_table_e1_128x_fixed/summary.json,b74143535db36c0c9351838dfbab40f74a3eaca7828d13c9d5a24777c23973c5
ophis,nglab2x_e5_v5_fixed,3350,42,3.357197403907776,1.5716173648834229,4.928814768791199,/tmp/ngram_gap_remote_summaries_all2/ophis/nglab2x_e5_v5_fixed/summary.json,d314191c0e38be6983cef7e0b451f99ba354ad78d94993f091a64383f8c0aa8f
ophis,ngram5_order5_trigram_lr4x_fixed,,,,,,/tmp/ngram_gap_remote_summaries_all2/ophis/ngram5_order5_trigram_lr4x_fixed/summary.json,497a25f3fa267e2021a0def425d925193b81bbe00ecd748eb6ac6358adc10b80
ophis,nglab1x_e6_v2_fixed,1685,42,4.40470826625824,1.9484388828277588,6.3531471490859985,/tmp/ngram_gap_remote_summaries_all2/ophis/nglab1x_e6_v2_fixed/summary.json,cdd554944ee0e93d7e5ed351ee68d412e59675f4c43b91e2e6ae49c50ed22fb7
ophis,nglab0_5x_input_v5_freq10_fixed,2000,42,9.234024658799171,0.16881690919399261,9.402841567993164,/tmp/ngram_gap_remote_summaries_all2/ophis/nglab0_5x_input_v5_freq10_fixed/summary.json,67f0974c2000d8893f9d8b9c0336cf00f651637b455957490bac97970ded74f6
ophis,optv5c_rms_b099_s2p0_r1_s44_fixed,1000,44,1.5021559000015259,2.8939223289489746,4.3960782289505005,/tmp/ngram_gap_remote_summaries_all2/ophis/optv5c_rms_b099_s2p0_r1_s44_fixed/summary.json,428932d0ae02a8edff9aa76850b01824eca4ca91644e87368913bccb5686acea
ophis,nglab6x_input_v2_fixed,2000,42,-0.09810143709182739,3.5465846061706543,3.448483169078827,/tmp/ngram_gap_remote_summaries_all2/ophis/nglab6x_input_v2_fixed/summary.json,abd47a6ed9fe4367f76d93237987ca99f2957799131657c4b9d9675b660921d5
ophis,s1v5_128_y_tbl_bi1_R1_fixed,1000,42,0.022071421146392822,3.591517686843872,3.613589107990265,/tmp/ngram_gap_remote_summaries_all2/ophis/s1v5_128_y_tbl_bi1_R1_fixed/summary.json,9d2eb533404c8c3661b28563ef0b4e2353cb7fba38fc838ba586ef3b30815bb8
ophis,smoke_logit_stats_100_fixed,100,42,0.004825592041015625,5.4748334884643555,5.479659080505371,/tmp/ngram_gap_remote_summaries_all2/ophis/smoke_logit_stats_100_fixed/summary.json,4c5de7f1f451c91169143562d1cf350de93eb18a101138901fd056531c9015e4
ophis,s1v5_128_y_tbl_bi1_R10000_fixed,1000,42,0.09657937288284302,3.608797311782837,3.70537668466568,/tmp/ngram_gap_remote_summaries_all2/ophis/s1v5_128_y_tbl_bi1_R10000_fixed/summary.json,a85ff8960ff2899df9d8b8f6b76566b33dbe9d24916bc4e367464bfc813aae57
ophis,nglab1x_y_v5_128x_freq10_fd_fixed,2000,42,5.328084945678711,1.1789593696594238,6.507044315338135,/tmp/ngram_gap_remote_summaries_all2/ophis/nglab1x_y_v5_128x_freq10_fd_fixed/summary.json,ab4533fca4f0c9558ee33a9c0c37f48d094978585be125c36bc39afae7d5d2b8
ophis,causalv5m2_mask_high_t200_e1_fixed,1000,42,2.8236095905303955,3.2319555282592773,6.055565118789673,/tmp/ngram_gap_remote_summaries_all2/ophis/causalv5m2_mask_high_t200_e1_fixed/summary.json,a630a70d9b85bd61a837add8b78639b2088cf8d021a701f80f0248d4a7502f15
ophis,nglab_smoke_ml_fixed,30,42,-0.07072794437408447,6.417097568511963,6.346369624137878,/tmp/ngram_gap_remote_summaries_all2/ophis/nglab_smoke_ml_fixed/summary.json,edb1e0ff62ddb14e1f06e5626af170f09c0a62eacfe115fdf30ceb9dede6f973
ophis,s1v5_128_y_tbl_bi1_R4642_fixed,1000,42,0.07488512992858887,3.6309289932250977,3.7058141231536865,/tmp/ngram_gap_remote_summaries_all2/ophis/s1v5_128_y_tbl_bi1_R4642_fixed/summary.json,a3305de0b0988b90cf0f03c279f53c05906b93533be1f902e1f48f75d62141f1
ophis,nglab1x_input_v5_128x_freq10_fixed,2000,42,5.671686172485352,1.2586942911148071,6.930380463600159,/tmp/ngram_gap_remote_summaries_all2/ophis/nglab1x_input_v5_128x_freq10_fixed/summary.json,91c5e3edca8b1e81f0d3800cbeb014e923b9381e126e6bd9df78b441c8a9a7bc
ophis,causalv5c_hash_reseed_e1_128x_fixed,1000,42,1.3537886142730713,3.274467945098877,4.628256559371948,/tmp/ngram_gap_remote_summaries_all2/ophis/causalv5c_hash_reseed_e1_128x_fixed/summary.json,e909831a73fef9fea862b74d1275c4d58215a2a4ad533065e4692a2f811ddb49
ophis,causalv5c_mask_low_f200_e1_128x_fixed,1000,42,0.10068529844284058,3.6860673427581787,3.7867526412010193,/tmp/ngram_gap_remote_summaries_all2/ophis/causalv5c_mask_low_f200_e1_128x_fixed/summary.json,9d663aad5c28cf386903005d3a7fce2becaded851e52404d5735d4fe23f533a2
ophis,s1v5_128_y_tbl_bi1_R1259000_fixed,1000,42,0.9158309698104858,3.166621685028076,4.082452654838562,/tmp/ngram_gap_remote_summaries_all2/ophis/s1v5_128_y_tbl_bi1_R1259000_fixed/summary.json,b2097afd6dc8a3fe140b76153457607020c73b34583210d0f280e6448c3965ce
ophis,causalv5c_freeze_table_e1_fixed,1000,42,1.1331286430358887,3.1910219192504883,4.324150562286377,/tmp/ngram_gap_remote_summaries_all2/ophis/causalv5c_freeze_table_e1_fixed/summary.json,7446de9832da865641ea09064b6852cb5dc29232ef00c6a96c7190c0f87bc8e7
ophis,nglab1x_nogram_v5_128x_freq10_fixed,2000,42,0.22725224494934082,3.120913505554199,3.34816575050354,/tmp/ngram_gap_remote_summaries_all2/ophis/nglab1x_nogram_v5_128x_freq10_fixed/summary.json,0a78e76f87ada6c885b86615cd5e1890430d432aa8af2265e06922bec9ffb5e9
ophis,s1v5_128_y_tbl_bi1_R1000_fixed,1000,42,0.09606665372848511,3.7144649028778076,3.8105315566062927,/tmp/ngram_gap_remote_summaries_all2/ophis/s1v5_128_y_tbl_bi1_R1000_fixed/summary.json,25adf6f6aee89c5268453a32897492db02af0d3b5bc88b657b05b9b2b73a2f18
ophis,blrabs_input_lr0p0006_tlr0p0768_10k_fixed,10000,42,14.484976310282946,0.06237791106104851,14.547354221343994,/tmp/ngram_gap_remote_summaries_all2/ophis/blrabs_input_lr0p0006_tlr0p0768_10k_fixed/summary.json,6eb8f1665b74394cc24493d2113d1317cd1a095300e78394838cb7a5d4869f71
ophis,nglab2x_opt_rmsprop_2x_b2_098_fixed,2000,42,2.09683096408844,2.2474961280822754,4.344327092170715,/tmp/ngram_gap_remote_summaries_all2/ophis/nglab2x_opt_rmsprop_2x_b2_098_fixed/summary.json,6bab8ddf02a30472c4d908f423bf0a84cdea60eecc2dbf60c3625cfab4d2e1f4
3601,nglab_smoke_v2_fixed,100,42,0.013101816177368164,6.53165340423584,6.544755220413208,/tmp/ngram_gap_remote_summaries_all2/3601/nglab_smoke_v2_fixed/summary.json,c021aac57c31af9834e880d4f0ca7ee954d7dae8e250ae418e5098b82ae81bbe
3601,nglab1_5x_input_v5_fixed,2000,42,2.573996067047119,2.061816453933716,4.635812520980835,/tmp/ngram_gap_remote_summaries_all2/3601/nglab1_5x_input_v5_fixed/summary.json,f8035fd9d2326fd20b5f56efe95d54cd2741c83b7cc1752016a25bcf97a4a60c
3601,nglab0_5x_input_v3_fixed,2000,42,5.134963512420654,2.0518126487731934,7.186776161193848,/tmp/ngram_gap_remote_summaries_all2/3601/nglab0_5x_input_v3_fixed/summary.json,d207f68aa8ee941c563a72f884b49888d43babb25c9e5519ef379d34dba3d560
3601,optv5f_rms_b099_s8p0_2k_fixed,2000,42,6.020435929298401,1.055382251739502,7.075818181037903,/tmp/ngram_gap_remote_summaries_all2/3601/optv5f_rms_b099_s8p0_2k_fixed/summary.json,6c77d1115ea7e38f80bfaec7e8d3eff19367672fb4f3b6f756da64d320883da0
3601,nglab2x_input_v5_128x_freq10_fixed,2000,42,2.305497169494629,2.421724557876587,4.727221727371216,/tmp/ngram_gap_remote_summaries_all2/3601/nglab2x_input_v5_128x_freq10_fixed/summary.json,eb46489ae28d26a79e0656ad5429b1ee7a454036d393b651991e9e8b70dc4e12
3601,nglab2x_input_v5_fixed,2000,42,1.2260019779205322,2.5713980197906494,3.7973999977111816,/tmp/ngram_gap_remote_summaries_all2/3601/nglab2x_input_v5_fixed/summary.json,ea8e1a6477a5c4706ad2c07b65aac1bc93ed5ee99e67e41ba4df7e723e014717
3601,causalv5m_mask_high_t50_e1_128x_fixed,1000,42,2.7036709785461426,3.784315347671509,6.487986326217651,/tmp/ngram_gap_remote_summaries_all2/3601/causalv5m_mask_high_t50_e1_128x_fixed/summary.json,a13dc8952b060c5061ebd726ffcfdec479ce8540a38a94c88afba1da244da4e6
3601,lrscan_v_lr0p0006_wc_fixed,1000,42,0.2093692421913147,3.4058961868286133,3.615265429019928,/tmp/ngram_gap_remote_summaries_all2/3601/lrscan_v_lr0p0006_wc_fixed/summary.json,c775837d131d76746248c6f9b4e7c0f88833b68fa417d542416c1391ce8bb1a8
3601,nglab1x_input_v2_s43_fixed,2000,43,5.4169594049453735,1.5071194171905518,6.924078822135925,/tmp/ngram_gap_remote_summaries_all2/3601/nglab1x_input_v2_s43_fixed/summary.json,dfeb50509fc8f07ebeb77139827e4e94367c547eb5121f88eaa80a308cd464c9
3601,nglab4x_input_v5_freq10_fixed,2000,42,0.20495283603668213,3.0342912673950195,3.2392441034317017,/tmp/ngram_gap_remote_summaries_all2/3601/nglab4x_input_v5_freq10_fixed/summary.json,38d65fb774d55fc43c04c85707e5dbeb6142eb830b4c7277fdb7f11922dfbb06
3601,nglab2_5x_input_v2_fixed,2000,42,0.7561414837837219,2.7766201496124268,3.5327616333961487,/tmp/ngram_gap_remote_summaries_all2/3601/nglab2_5x_input_v2_fixed/summary.json,ad77addd31d0498093e91548c8d06ec7f2e7841c839310296a0f2b8d45a45efa
3601,nglab2_5x_input_v5_128x_freq10_fixed,2000,42,1.8373233079910278,2.61259388923645,4.449917197227478,/tmp/ngram_gap_remote_summaries_all2/3601/nglab2_5x_input_v5_128x_freq10_fixed/summary.json,7d1fdea43c6eed000f6e4080cdf4c2d603d371b569d4c2041e9298bf2db492c4
3601,s1v5_128_v_tbl_bi1_R41000_fixed,1000,42,0.15202707052230835,3.3863089084625244,3.5383359789848328,/tmp/ngram_gap_remote_summaries_all2/3601/s1v5_128_v_tbl_bi1_R41000_fixed/summary.json,58348c510907d0b60fe3de07c024f60175154c413bcc3c2ba731145d9b288cf0
3601,optv5f_rms_b099_s32p0_2k_fixed,2000,42,5.658545136451721,1.2628114223480225,6.921356558799744,/tmp/ngram_gap_remote_summaries_all2/3601/optv5f_rms_b099_s32p0_2k_fixed/summary.json,cc04916c9893e78a97879be0c65fd62cf33885809fc1691db6731008ac520506
3601,optv5f_rms_b0999_s8p0_2k_fixed,2000,42,5.899379730224609,1.1564024686813354,7.055782198905945,/tmp/ngram_gap_remote_summaries_all2/3601/optv5f_rms_b0999_s8p0_2k_fixed/summary.json,bae28716b2a5d80e87dedbe7dd0603be32970eea470a76ed5ce486016bd98a6b
3601,nglab3x_input_v2_fixed,2000,42,0.5013700723648071,2.891746759414673,3.39311683177948,/tmp/ngram_gap_remote_summaries_all2/3601/nglab3x_input_v2_fixed/summary.json,d485893af07697f7c90c866abdc189da10e934d5fc1941d672f0edc5cf1afa93
3601,nglab0_5x_input_v5_fixed,2000,42,9.45300504565239,0.1565873920917511,9.60959243774414,/tmp/ngram_gap_remote_summaries_all2/3601/nglab0_5x_input_v5_fixed/summary.json,82bf53b5196b8d003eade26a23c5058fb032a9880acb07f84b77dda0d7736e10
3601,nglab4x_input_v2_fixed,2000,42,0.13247615098953247,3.174837350845337,3.3073135018348694,/tmp/ngram_gap_remote_summaries_all2/3601/nglab4x_input_v2_fixed/summary.json,c0d5c2514e64fa581cb5ae0f14e7f0a4c884ea1f106c959f311c56fd60419e82
3601,nglab1_5x_input_v3_fixed,2000,42,2.676023006439209,2.180145025253296,4.856168031692505,/tmp/ngram_gap_remote_summaries_all2/3601/nglab1_5x_input_v3_fixed/summary.json,53257af481b8c22111d15886ccac40ba780024430db859ff2664f3b8246ef798
3601,nglab1x_nogram_long_v2_fixed,8000,42,0.39750534296035767,2.8657069206237793,3.263212263584137,/tmp/ngram_gap_remote_summaries_all2/3601/nglab1x_nogram_long_v2_fixed/summary.json,f93bfe62ce45408456f0bc916ae4c9227c1d582f52726202f647830b135305f4
3601,nglab_diag_b2_0999_full_fixed,2000,42,2.233905792236328,2.6451563835144043,4.879062175750732,/tmp/ngram_gap_remote_summaries_all2/3601/nglab_diag_b2_0999_full_fixed/summary.json,87d88447025f6b8e5c11f5fc4bc8ee0484531095f848bbc73f17522c39a7dcdd
3601,nglab2x_input_rho_v2_fixed,2000,42,0.7543812990188599,2.8544442653656006,3.6088255643844604,/tmp/ngram_gap_remote_summaries_all2/3601/nglab2x_input_rho_v2_fixed/summary.json,6605555e3d30810cf8c99c1df3f0bb93e98388f377e05c4ede19421a59776f3c
3601,nglab2x_input_v3_fixed,2000,42,1.639008641242981,2.459914445877075,4.098923087120056,/tmp/ngram_gap_remote_summaries_all2/3601/nglab2x_input_v3_fixed/summary.json,61a3d51d4834ba750c976d9bef924934a6983a292c3905fe078d425bfa887471
3601,s1v5_128_v_tbl_bi1_R56000_fixed,1000,42,0.2078183889389038,3.3870599269866943,3.594878315925598,/tmp/ngram_gap_remote_summaries_all2/3601/s1v5_128_v_tbl_bi1_R56000_fixed/summary.json,ac8368495ef3b06f1cdb2e039580a691f2f7f759b1cf12f66cddea1858fd38f2
3601,nglab1x_input_rho_v2_fixed,2000,42,2.4295574426651,2.53555965423584,4.96511709690094,/tmp/ngram_gap_remote_summaries_all2/3601/nglab1x_input_rho_v2_fixed/summary.json,f58a2b98b27ffe9605b8db929956a76474708da5f97a141530ad1cd453432c33
3601,blrv5_input_lr0p0010_fixed,1000,42,2.852545380592346,2.4794857501983643,5.3320311307907104,/tmp/ngram_gap_remote_summaries_all2/3601/blrv5_input_lr0p0010_fixed/summary.json,76c97071455da456a22b3faeff7bf6c81302d4f422565bc10a8566c304281859
3601,nglab_diag_smoke_fixed,300,42,1.4747310876846313,4.462799072265625,5.937530159950256,/tmp/ngram_gap_remote_summaries_all2/3601/nglab_diag_smoke_fixed/summary.json,7b233dabf291cede4a134cc12304a2953fc82e295a1e2e1bfed4deacf5de46bb
3601,nglab5x_input_v5_fixed,2000,42,0.08772170543670654,3.1438496112823486,3.231571316719055,/tmp/ngram_gap_remote_summaries_all2/3601/nglab5x_input_v5_fixed/summary.json,d0739ad26bcda495054b2d7eec39dd29661943525b65a1ea697c3d8f803e2a09
3601,causalv5m_mask_high_t800_e1_128x_fixed,1000,42,2.7621954679489136,2.8430192470550537,5.605214715003967,/tmp/ngram_gap_remote_summaries_all2/3601/causalv5m_mask_high_t800_e1_128x_fixed/summary.json,88efec9e189d1123f42eb611439941a6ad9fecddba12beb694b91a404f65c80b
3601,nglab1x_input_v5_freq10_r1_fixed,2000,42,5.754749000072479,0.9014020562171936,6.656151056289673,/tmp/ngram_gap_remote_summaries_all2/3601/nglab1x_input_v5_freq10_r1_fixed/summary.json,ad00b7bbac9da01e809075ab77f4501b0550d51cbccef902d7efd93b73e98451
3601,nglab_diag_b2_099_full_fixed,2000,42,5.133349418640137,1.6702314615249634,6.8035808801651,/tmp/ngram_gap_remote_summaries_all2/3601/nglab_diag_b2_099_full_fixed/summary.json,8eddb759e0a04ca49b15eb6936c5d3e6980aaaa819ea868cf44ba098f0be53cd
3601,s1v5_128_v_tbl_bi1_R1719000_fixed,1000,42,1.9932382106781006,2.5481762886047363,4.541414499282837,/tmp/ngram_gap_remote_summaries_all2/3601/s1v5_128_v_tbl_bi1_R1719000_fixed/summary.json,fe2b31e41157bd2c79744422e2951efa7ade3806a32eec79a12fe8906c46e3ef
3601,nglab1x_nogram_v5_freq10_fixed,2000,42,0.24824172258377075,3.0666229724884033,3.314864695072174,/tmp/ngram_gap_remote_summaries_all2/3601/nglab1x_nogram_v5_freq10_fixed/summary.json,b274faa98629cba62d49dbb594d24c4e0b00289b494a0f9bb450a188b1fbd3ca
3601,optv5f_rms_b099_s1024p0_2k_fixed,2000,42,5.33455502986908,1.461958885192871,6.796513915061951,/tmp/ngram_gap_remote_summaries_all2/3601/optv5f_rms_b099_s1024p0_2k_fixed/summary.json,b79b0e45434612e439d93a479c51345090d435bb4e51b46c070caeaada3785f7
3601,nglab1x_y_v5_freq10_fixed,2000,42,3.4653128385543823,1.859434723854065,5.324747562408447,/tmp/ngram_gap_remote_summaries_all2/3601/nglab1x_y_v5_freq10_fixed/summary.json,26be712a31644672f66693ec56a1bb68eb3df548c2e5f34a985e7ac535b33dd9
3601,nglab2_5x_input_v3_fixed,2000,42,0.7790127396583557,2.7759907245635986,3.5550034642219543,/tmp/ngram_gap_remote_summaries_all2/3601/nglab2_5x_input_v3_fixed/summary.json,2272921b04bd6e2d9f7a1091d6294b605b52c081d589ba66c072fd49dcbfc610
3601,nglab1x_table_mult_128_v2_fixed,1000,42,1.2967982292175293,3.3528473377227783,4.649645566940308,/tmp/ngram_gap_remote_summaries_all2/3601/nglab1x_table_mult_128_v2_fixed/summary.json,d5a896978c73d8aa7c56fe42028525c6b6c9d4677a8956ccfc878f9b08704fb7
3601,optv5e_rms_b0995_s16p0_r1_fixed,1000,42,2.59887158870697,2.697427749633789,5.296299338340759,/tmp/ngram_gap_remote_summaries_all2/3601/optv5e_rms_b0995_s16p0_r1_fixed/summary.json,6263284f65df64900b6f7df0cc8681a56e67ef2e398a305453098aacbb395362
3601,causalv5m_mask_high_t0_e1_128x_fixed,1000,42,1.9250969886779785,3.868971109390259,5.794068098068237,/tmp/ngram_gap_remote_summaries_all2/3601/causalv5m_mask_high_t0_e1_128x_fixed/summary.json,545fa84e7c1bac8a4dbc30b43273a8572d575c2e636e828d215e3d94ab021a58
3601,s1v5_128_v_tbl_bi1_R100_fixed,1000,42,0.02335280179977417,3.575670003890991,3.5990228056907654,/tmp/ngram_gap_remote_summaries_all2/3601/s1v5_128_v_tbl_bi1_R100_fixed/summary.json,966c07a2db84d4fdd95aa226eca00cab4989baeb78619e7c956571a28720465e
3601,nglab1x_input_v5_freq10_fixed,100,42,0.03656446933746338,6.160231113433838,6.196795582771301,/tmp/ngram_gap_remote_summaries_all2/3601/nglab1x_input_v5_freq10_fixed/summary.json,a9294ca7a94bf7fdd8569ef1f7c304fa12bf6f85ec682123deaa6ad2a95a3f54
3601,optv5f_rms_b099_s16p0_2k_fixed,2000,42,5.7611777782440186,1.2741568088531494,7.035334587097168,/tmp/ngram_gap_remote_summaries_all2/3601/optv5f_rms_b099_s16p0_2k_fixed/summary.json,a00c567835b755613768ee4351f28ba5f073d87da96c4bd0f87e21b54ce8b7fd
3601,blrv5_nogram_lr0p0010_fixed,1000,42,0.01116114854812622,3.537508249282837,3.548669397830963,/tmp/ngram_gap_remote_summaries_all2/3601/blrv5_nogram_lr0p0010_fixed/summary.json,6d22bc9e062da83289d7de8f7e9bf901126321933628b7b4013273c89584a856
3601,nglab4x_input_v5_fixed,2000,42,0.21334797143936157,3.028486967086792,3.2418349385261536,/tmp/ngram_gap_remote_summaries_all2/3601/nglab4x_input_v5_fixed/summary.json,19474567f15850666f8584961fa10cfe4419a5665e2eb055e5450aeae324f02e
3601,lrscan_input_lr0p0006_wc_fixed,1000,42,1.5342401266098022,2.898651599884033,4.4328917264938354,/tmp/ngram_gap_remote_summaries_all2/3601/lrscan_input_lr0p0006_wc_fixed/summary.json,ed13b2f3395091cfbb7444c92cf2388417ff51d3c1094b4644479adb3b73ba9b
3601,optv5e_rms_b095_s16p0_fixed,1000,42,2.489652633666992,2.732527494430542,5.222180128097534,/tmp/ngram_gap_remote_summaries_all2/3601/optv5e_rms_b095_s16p0_fixed/summary.json,9f6f44efbc9a1c995ba964b09bff4fbfa3645e577c373f918ce9bd54fc28c883
3601,causalv5m_mask_high_t10_e1_128x_fixed,1000,42,2.3579035997390747,4.226166248321533,6.584069848060608,/tmp/ngram_gap_remote_summaries_all2/3601/causalv5m_mask_high_t10_e1_128x_fixed/summary.json,cfa8a44c7d02df9e918d8ff21b41d0c9ff1f642db2725a1f7516542dff9a3696
3601,nglab3x_input_v5_128x_freq10_fixed,2000,42,0.8344939351081848,3.2011311054229736,4.0356250405311584,/tmp/ngram_gap_remote_summaries_all2/3601/nglab3x_input_v5_128x_freq10_fixed/summary.json,697734172361b4c8c83463c1d9a2dd2b62e7b0b430f9fa8df668e9f7d820a9af
3601,nglab1x_nogram_long_v5_fixed,8000,42,1.1018649339675903,2.4986720085144043,3.6005369424819946,/tmp/ngram_gap_remote_summaries_all2/3601/nglab1x_nogram_long_v5_fixed/summary.json,fd3e2d28e23081c83c28d1ff040cb357288dc8a631aa05986d691e4bdd1ce881
3601,lrscan_input_lr0p004_wc_fixed,1000,42,0.05980336666107178,6.173913478851318,6.23371684551239,/tmp/ngram_gap_remote_summaries_all2/3601/lrscan_input_lr0p004_wc_fixed/summary.json,acdf678d91ac076291bad65f4bd361f7eccebffddef3307dbe1b94673e8a68f1
3601,nglab1x_reset_e2_v2_fixed,1000,42,0.05355370044708252,4.000555038452148,4.054108738899231,/tmp/ngram_gap_remote_summaries_all2/3601/nglab1x_reset_e2_v2_fixed/summary.json,031b223f371dc6bf3d46464bb5f1ba7a6de1fdc468cc2477423ec4c0f3214ea8
3601,nglab1x_v_v5_freq10_fixed,2000,42,2.011368155479431,2.236537218093872,4.247905373573303,/tmp/ngram_gap_remote_summaries_all2/3601/nglab1x_v_v5_freq10_fixed/summary.json,276a39bd91f51aacb4ea634c1ebc1fb2729c37ca0d7e5681c9dc7f8e90324723
3601,s1v5_128_v_tbl_bi1_R675000_fixed,1000,42,1.1771023273468018,2.919992208480835,4.097094535827637,/tmp/ngram_gap_remote_summaries_all2/3601/s1v5_128_v_tbl_bi1_R675000_fixed/summary.json,2a70b7f1d98a8bafd0152a89c8f15918426a8cb7bcd9314e9debf6688c62ed39
3601,nglab2_5x_input_v5_fixed,2000,42,0.8411915302276611,2.717423677444458,3.558615207672119,/tmp/ngram_gap_remote_summaries_all2/3601/nglab2_5x_input_v5_fixed/summary.json,1624d0900003c88f2a60ad8fa4c5906e9fe812c28a8cdc32368f03971a035ea8
3601,lrdiag_nogram_const_4e4_fixed,1000,42,0.0122147798538208,4.025949478149414,4.038164258003235,/tmp/ngram_gap_remote_summaries_all2/3601/lrdiag_nogram_const_4e4_fixed/summary.json,6757c05b2f1c32aba4d1d01b29fed5a6280ce454b9753d016763c07a0f89de87
3601,nglab3x_input_v5_fixed,2000,42,0.2701832056045532,3.0495636463165283,3.3197468519210815,/tmp/ngram_gap_remote_summaries_all2/3601/nglab3x_input_v5_fixed/summary.json,b7455c512d5905d9fdb975b6e401d45bb04846dbd6313d4c0b4756d09e454b57
3601,optv5e_rms_b099_s16p0_fixed,1000,42,2.5993529558181763,2.704174518585205,5.303527474403381,/tmp/ngram_gap_remote_summaries_all2/3601/optv5e_rms_b099_s16p0_fixed/summary.json,541c8b100fc410e528926e4b1a9f4f5710c87900d13cac1394a080bf178c95dc
3601,s1v5_128_v_tbl_bi1_R362000_fixed,1000,42,0.8187118768692017,3.1188390254974365,3.937550902366638,/tmp/ngram_gap_remote_summaries_all2/3601/s1v5_128_v_tbl_bi1_R362000_fixed/summary.json,b992db6e4b2de18429644c50d607d25607bace46c0189c231e59ebe7486e0586
3601,nglab1_5x_input_v2_fixed,2000,42,2.369173288345337,2.3468101024627686,4.7159833908081055,/tmp/ngram_gap_remote_summaries_all2/3601/nglab1_5x_input_v2_fixed/summary.json,05d8b9cd2f71830ddcbb3097189817d82ac69bc9e5d240552358da020b9a4232
3601,s1v5_128_v_tbl_bi1_R30000_fixed,1000,42,0.11562162637710571,3.4219064712524414,3.537528097629547,/tmp/ngram_gap_remote_summaries_all2/3601/s1v5_128_v_tbl_bi1_R30000_fixed/summary.json,d28713c02c0f43266db97dbb27966273107c1e1d3f9e2a8da9ad4e97c6d68b9f
3601,causalv5m_mask_high_t100_e1_128x_fixed,1000,42,2.7623050212860107,3.517768621444702,6.280073642730713,/tmp/ngram_gap_remote_summaries_all2/3601/causalv5m_mask_high_t100_e1_128x_fixed/summary.json,36eaa1ed90bad7c341641b8327447b7c11c1538d09e5c6b8b75ab28a39626249
3601,nglab2x_input_v2_fixed,2000,42,1.249184012413025,2.6639721393585205,3.9131561517715454,/tmp/ngram_gap_remote_summaries_all2/3601/nglab2x_input_v2_fixed/summary.json,f029d1a509c5dc0ba6ea838f45b4cfb29dd7c9751577b884f9cf5e1f6d83a4b0
3601,lrscan_nogram_lr0p0006_wc_fixed,1000,42,0.02468627691268921,3.5965662002563477,3.621252477169037,/tmp/ngram_gap_remote_summaries_all2/3601/lrscan_nogram_lr0p0006_wc_fixed/summary.json,c4b66f4f9962de8d63c72102dfcffc816ae1e08ae5101742823d5e489d9f8831
3601,nglab1x_input_v2_s44_fixed,2000,44,5.526148438453674,1.5036211013793945,7.029769539833069,/tmp/ngram_gap_remote_summaries_all2/3601/nglab1x_input_v2_s44_fixed/summary.json,f7da79049c1e6e73f8f81413e3fc339b73db849fb9cd72a4b4ee49ed136d540b
3601,optv5h_rms_b099_s2p0_warmstart0p1_fixed,1000,42,1.5044982433319092,2.9046053886413574,4.409103631973267,/tmp/ngram_gap_remote_summaries_all2/3601/optv5h_rms_b099_s2p0_warmstart0p1_fixed/summary.json,3fe9508c6914d606eda14083c8aae7162b3331778119195eccb9fe9badf79a39
3601,blrv5_nogram_lr0p0003_fixed,1000,42,0.027271389961242676,3.967655658721924,3.9949270486831665,/tmp/ngram_gap_remote_summaries_all2/3601/blrv5_nogram_lr0p0003_fixed/summary.json,46093b507badd6fd06c995ad615c9532d4bc07b130dbb27d8b16a08c6f374028
3601,causalv5m_mask_high_t3200_e1_128x_fixed,1000,42,2.7828398942947388,2.619915723800659,5.402755618095398,/tmp/ngram_gap_remote_summaries_all2/3601/causalv5m_mask_high_t3200_e1_128x_fixed/summary.json,3303e2c97cf070e1725df39b0359342c4ce5bbe98b60b34f70ddd858d58cf7b4
3601,optv5f_rms_b0999_s16p0_2k_fixed,2000,42,5.5753995180130005,1.3758364915847778,6.951236009597778,/tmp/ngram_gap_remote_summaries_all2/3601/optv5f_rms_b0999_s16p0_2k_fixed/summary.json,90287f641bc3de77985e8ffbee77d4551e2e53d7df7a8c84244cf7bc25b6ed8e
3601,s1v5_128_v_tbl_bi1_R22_fixed,1000,42,0.021880507469177246,3.5718095302581787,3.593690037727356,/tmp/ngram_gap_remote_summaries_all2/3601/s1v5_128_v_tbl_bi1_R22_fixed/summary.json,e7a38116cde24b6c9587b0e35523baf60e158f1b1018a35a4049611ba07f8cc0
3601,s1v5_128_v_tbl_bi1_R2_fixed,1000,42,0.01892310380935669,3.5461153984069824,3.565038502216339,/tmp/ngram_gap_remote_summaries_all2/3601/s1v5_128_v_tbl_bi1_R2_fixed/summary.json,d5e6f3410bc088109efb43d5e17ceb327a13d1d15b277ff7fd8b70c336623a7b
3601,lrscan_y_lr0p0006_wc_fixed,1000,42,1.0080498456954956,3.1501457691192627,4.158195614814758,/tmp/ngram_gap_remote_summaries_all2/3601/lrscan_y_lr0p0006_wc_fixed/summary.json,e55aca7d7bcabc8f1ee1d48843eb1a915d9b395b7f6aa777b3842051ddc6339a
3601,s1v5_128_v_tbl_bi1_R22000_fixed,1000,42,0.11288440227508545,3.4509990215301514,3.563883423805237,/tmp/ngram_gap_remote_summaries_all2/3601/s1v5_128_v_tbl_bi1_R22000_fixed/summary.json,f3ae473365245fdbcd1b53ea35b805df14fa0dcd6479da5df1ac62eed1cfdb17
3601,blrv5_input_lr0p0006_fixed,1000,42,2.7178584337234497,2.543036699295044,5.260895133018494,/tmp/ngram_gap_remote_summaries_all2/3601/blrv5_input_lr0p0006_fixed/summary.json,a0700f0924a9ccee856fff345a5f1b4618112d6e0a312986b9f68bed972304ce
3601,causalv5m_mask_high_t400_e1_128x_fixed,1000,42,2.8020739555358887,3.0009586811065674,5.803032636642456,/tmp/ngram_gap_remote_summaries_all2/3601/causalv5m_mask_high_t400_e1_128x_fixed/summary.json,2c247606ea3f9d1ffd970fc374e6fe6ba06935631fcccdc67f627cd0a3f5d136
3601,causalv5m_mask_high_t1600_e1_128x_fixed,1000,42,2.7535256147384644,2.6870715618133545,5.440597176551819,/tmp/ngram_gap_remote_summaries_all2/3601/causalv5m_mask_high_t1600_e1_128x_fixed/summary.json,bded65202dfb1aa39e188e232b2f72bf5427f997e0d86af4bcb35a24b29702d3
3601,s1v5_128_v_tbl_bi1_R1000_fixed,1000,42,0.03064751625061035,3.5908381938934326,3.621485710144043,/tmp/ngram_gap_remote_summaries_all2/3601/s1v5_128_v_tbl_bi1_R1000_fixed/summary.json,9f7208bc0f4b1491cc52be1cc4bcf4c8564cdb1027dcff9f952fae0f4c338573
3601,s1v5_128_v_tbl_bi1_R16000_fixed,1000,42,0.08633822202682495,3.4745166301727295,3.5608548521995544,/tmp/ngram_gap_remote_summaries_all2/3601/s1v5_128_v_tbl_bi1_R16000_fixed/summary.json,bb9099b88ca9bb42cabd0c937bd7bb2e32e827de276debfb48b8d27354d3c11d
3601,nglab0_75x_input_v5_128x_freq10_fixed,2000,42,7.207066774368286,0.8030645847320557,8.010131359100342,/tmp/ngram_gap_remote_summaries_all2/3601/nglab0_75x_input_v5_128x_freq10_fixed/summary.json,90ddf39548488b3832138386afe659afe066410fffc32d7b446a500001e7b3e1
3601,causalv5m_mask_high_t2_e1_128x_fixed,1000,42,1.9052138328552246,4.2965874671936035,6.201801300048828,/tmp/ngram_gap_remote_summaries_all2/3601/causalv5m_mask_high_t2_e1_128x_fixed/summary.json,13bd1b00cd9cb5ce4accee7d85f7ddde1e54fc0b49ecc3c889507b22e16796af
3601,nglab6x_input_v5_fixed,2000,42,-0.08221960067749023,3.2594587802886963,3.177239179611206,/tmp/ngram_gap_remote_summaries_all2/3601/nglab6x_input_v5_fixed/summary.json,9b8979de7f049f2d4f82d7578a19e1a7ebbf6ad0586c21fd9a688c94507d2719
3601,nglab0_75x_input_v3_fixed,2000,42,7.190532326698303,1.1035288572311401,8.294061183929443,/tmp/ngram_gap_remote_summaries_all2/3601/nglab0_75x_input_v3_fixed/summary.json,ee423c4348b745e50b8d43705250a30bbd735de2a190a76e2d366db3b0ec10f8
3601,blrv5_input_lr0p0020_fixed,1000,42,2.8337525129318237,2.632603168487549,5.466355681419373,/tmp/ngram_gap_remote_summaries_all2/3601/blrv5_input_lr0p0020_fixed/summary.json,ebbe342ffa829ef33f83d977c844797eb30e77aa141cee433401f36e58ea0c68
3601,s1v5_128_v_tbl_bi1_R4642_fixed,1000,42,0.04884272813796997,3.552351713180542,3.601194441318512,/tmp/ngram_gap_remote_summaries_all2/3601/s1v5_128_v_tbl_bi1_R4642_fixed/summary.json,848783c24f14995830dd0ca980f76f3f9327b99a6faffbbb9f7b4957474c2037
3601,causalv5m_mask_high_t5_e1_128x_fixed,1000,42,2.1392427682876587,4.310667991638184,6.449910759925842,/tmp/ngram_gap_remote_summaries_all2/3601/causalv5m_mask_high_t5_e1_128x_fixed/summary.json,1b3766ab042fec300fa150c63e8676107ac039de922ba211f2b0b3851bb2c506
3601,blrv5_nogram_lr0p0040_fixed,1000,42,0.01759493350982666,6.549020767211914,6.566615700721741,/tmp/ngram_gap_remote_summaries_all2/3601/blrv5_nogram_lr0p0040_fixed/summary.json,523484e442a46b11c5e503061d50bd92d7a08dd6a9481af75372c9ef71ffd861
3601,causalv5m_mask_high_t1_e1_128x_fixed,1000,42,1.7404552698135376,4.218654155731201,5.959109425544739,/tmp/ngram_gap_remote_summaries_all2/3601/causalv5m_mask_high_t1_e1_128x_fixed/summary.json,9b39188a747cd299ef6456ea3fd5d5bcfc13a3a7152d5df0f20f6a5b88e08a01
3601,nglab1x_freeze_table_e1_v2_fixed,1000,42,1.98613440990448,3.0137531757354736,4.999887585639954,/tmp/ngram_gap_remote_summaries_all2/3601/nglab1x_freeze_table_e1_v2_fixed/summary.json,bf9e3aac5c78d441720dbbf059c755589dadf8fed7dca555a6494dc9ae616623
3601,nglab1x_mask_e1_v2_fixed,1000,42,0.03458356857299805,4.028707981109619,4.063291549682617,/tmp/ngram_gap_remote_summaries_all2/3601/nglab1x_mask_e1_v2_fixed/summary.json,27058f35f3963daed12db1f94d381424588e6e2f207dd40914117640eb2b8559
3601,s1v5_128_v_tbl_bi1_R1259000_fixed,1000,42,1.5267397165298462,2.7569401264190674,4.283679842948914,/tmp/ngram_gap_remote_summaries_all2/3601/s1v5_128_v_tbl_bi1_R1259000_fixed/summary.json,5fe74e6faf56f7420f20be8512e564daf7e80841e920dd2ca7b4184a4a0de068
3601,nglab_diag_b2_099_fixed,700,42,0.43952322006225586,4.137176036834717,4.576699256896973,/tmp/ngram_gap_remote_summaries_all2/3601/nglab_diag_b2_099_fixed/summary.json,a3ebc7ceeb7e9c1c7833fe199430be6f8e4a47609f2d8e666bfcb7072563f6b8
3601,nglab0_5x_input_v5_128x_freq10_fixed,2000,42,9.160114586353302,0.29669851064682007,9.456813097000122,/tmp/ngram_gap_remote_summaries_all2/3601/nglab0_5x_input_v5_128x_freq10_fixed/summary.json,ab942fe5a257d225cc9d215ae080d7317f49a6fb6494977a2d78789a30cb1bdc
3601,causalv5m_mask_high_t6400_e1_128x_fixed,1000,42,2.767271637916565,2.5726749897003174,5.339946627616882,/tmp/ngram_gap_remote_summaries_all2/3601/causalv5m_mask_high_t6400_e1_128x_fixed/summary.json,4d315eec46189f116bb39519d6a25d0d44a022e4241dcb9682883f2b7ca4cb0f
3601,s1v5_128_v_tbl_bi1_R142000_fixed,1000,42,0.4043129086494446,3.2490360736846924,3.653348982334137,/tmp/ngram_gap_remote_summaries_all2/3601/s1v5_128_v_tbl_bi1_R142000_fixed/summary.json,71c570cb7daf05d045a6a92046437356eecbde9a1d0ac5611142538bf261ffee
3601,s1v5_128_v_tbl_bi1_R265000_fixed,1000,42,0.6677738428115845,3.2034595012664795,3.871233344078064,/tmp/ngram_gap_remote_summaries_all2/3601/s1v5_128_v_tbl_bi1_R265000_fixed/summary.json,ed610b5bbcd337ee36ef67409b8f66c1b39526f66f6ef6f6f6c079972f63d771
3601,s1v5_128_v_tbl_bi1_R76000_fixed,1000,42,0.2289952039718628,3.348541021347046,3.5775362253189087,/tmp/ngram_gap_remote_summaries_all2/3601/s1v5_128_v_tbl_bi1_R76000_fixed/summary.json,3689fe4c1e77ad198bc50e1c6e43bf091a3c25ded0cf9e693cf1f2c657e95ef6
3601,nglab0_75x_input_v5_fixed,2000,42,7.743194937705994,0.3621407747268677,8.105335712432861,/tmp/ngram_gap_remote_summaries_all2/3601/nglab0_75x_input_v5_fixed/summary.json,18fff0a4b5a6501d3989ce4e5f3ad1433ded1756f81205950ed4dfd83fac8b9a
3601,s1v5_128_v_tbl_bi1_R194000_fixed,1000,42,0.4869595766067505,3.246312379837036,3.7332719564437866,/tmp/ngram_gap_remote_summaries_all2/3601/s1v5_128_v_tbl_bi1_R194000_fixed/summary.json,8ff39d8c163830e5332f7d46de88db1b9d4a1e056cd99553d8ff503fa8b71660
3601,nglab1x_freeze_backbone_e1_v2_fixed,1000,42,0.915434718132019,4.050272464752197,4.965707182884216,/tmp/ngram_gap_remote_summaries_all2/3601/nglab1x_freeze_backbone_e1_v2_fixed/summary.json,00e2fab1eefde81967806c50a706b4d258dea58493395149582f2ce7c402a83f
3601,lrdiag_nogram_const_6e4_2k_fixed,2000,42,0.11736536026000977,3.3892250061035156,3.5065903663635254,/tmp/ngram_gap_remote_summaries_all2/3601/lrdiag_nogram_const_6e4_2k_fixed/summary.json,e04ace406d696945accf486bcb2bd73245628cfdbb9d75f154495d6858f5ca2c
3601,nglab0_25x_input_v5_128x_freq10_fixed,2000,42,10.894863903522491,0.15512388944625854,11.04998779296875,/tmp/ngram_gap_remote_summaries_all2/3601/nglab0_25x_input_v5_128x_freq10_fixed/summary.json,f0e67f4fb6cb96ff9b58955a0bdc948dd494e8d1208dbad7327b9e6aa6b5e4ae
3601,causalv5m_mask_high_t12800_e1_128x_fixed,1000,42,2.7545337677001953,2.558842420578003,5.313376188278198,/tmp/ngram_gap_remote_summaries_all2/3601/causalv5m_mask_high_t12800_e1_128x_fixed/summary.json,abed8c0830a7edf703cbd2cec5b76e596c31f2736d6d855b7f79750dc2f15cc5
3601,nglab0_25x_input_v5_fixed,2000,42,11.588935129344463,0.0368812158703804,11.625816345214844,/tmp/ngram_gap_remote_summaries_all2/3601/nglab0_25x_input_v5_fixed/summary.json,97aa679ba5dbeb199b0ead6f9c1a9348f2cc3e62600c5b4b007914fb10e3654b
3601,lrdiag_input_6e4_2k_fixed,2000,42,2.1011812686920166,2.9088945388793945,5.010075807571411,/tmp/ngram_gap_remote_summaries_all2/3601/lrdiag_input_6e4_2k_fixed/summary.json,cc8b458d74847fc32b1965b018e604cf8fad6cd07b33b42cadf8f72092872cac
3601,s1v5_128_v_tbl_bi1_R464_fixed,1000,42,0.025283753871917725,3.5928633213043213,3.618147075176239,/tmp/ngram_gap_remote_summaries_all2/3601/s1v5_128_v_tbl_bi1_R464_fixed/summary.json,2df5f5b7b2145d8ce249ed9fc1bda5f7f387c6fa1bd8c6e5e45078b48a771699
3601,lrdiag_nogram_warmup_cosine_fixed,1000,42,0.03141486644744873,5.660575866699219,5.6919907331466675,/tmp/ngram_gap_remote_summaries_all2/3601/lrdiag_nogram_warmup_cosine_fixed/summary.json,1cdff8aac076110e48e610666eba95c4119c70733c470def2d3b70d2a23c42bf
3601,lrscan_input_lr0p0004_wc_fixed,1000,42,1.1874576807022095,3.121070146560669,4.308527827262878,/tmp/ngram_gap_remote_summaries_all2/3601/lrscan_input_lr0p0004_wc_fixed/summary.json,2658da5b3dad027e009b6cec4645dd8af762287e0e8f57d02803a6bfbcc5a417
3601,blrv5_input_lr0p0003_fixed,1000,42,2.512901782989502,2.6628918647766113,5.175793647766113,/tmp/ngram_gap_remote_summaries_all2/3601/blrv5_input_lr0p0003_fixed/summary.json,ee7e4f1eb4bb75273b8c405415020bddc6fb5cbfb33abefc3d095b9f706d2f0e
3601,nglab4x_input_v5_128x_freq10_fixed,2000,42,0.6398343443870544,3.1860034465789795,3.825837790966034,/tmp/ngram_gap_remote_summaries_all2/3601/nglab4x_input_v5_128x_freq10_fixed/summary.json,f1c1d90d7ebc75ef5060553f372920737ff28626d85cd707f0374938f11585a2
3601,nglab8x_input_v5_fixed,2000,42,-0.07655924558639526,3.247542142868042,3.1709828972816467,/tmp/ngram_gap_remote_summaries_all2/3601/nglab8x_input_v5_fixed/summary.json,9cb13355b6056e730238205f4bbe8b15527cdf4a4ebd4d2e86c0be797c3ef8fa
3601,optv5f_rms_b099_s512p0_2k_fixed,2000,42,5.474331617355347,1.4151602983474731,6.88949191570282,/tmp/ngram_gap_remote_summaries_all2/3601/optv5f_rms_b099_s512p0_2k_fixed/summary.json,893d550f1f8b7522a3d65c93517efc6f6d19b207c00c740de8f9df62c2c00325
3601,s1v5_128_v_tbl_bi1_R46_fixed,1000,42,0.029823720455169678,3.552806854248047,3.5826305747032166,/tmp/ngram_gap_remote_summaries_all2/3601/s1v5_128_v_tbl_bi1_R46_fixed/summary.json,8bb91613bb679e4a12258a1903a320d7335b48424d5870dd62a26027de70522e
3601,nglab0_25x_input_v3_fixed,2000,42,16.371501490473747,0.03751559555530548,16.409017086029053,/tmp/ngram_gap_remote_summaries_all2/3601/nglab0_25x_input_v3_fixed/summary.json,48fd3012ca046b54bd6218f5d050eda158f9bfecb17087d9452f7840c964bdab
3601,s1v5_128_v_tbl_bi1_R215_fixed,1000,42,0.02196449041366577,3.567676067352295,3.5896405577659607,/tmp/ngram_gap_remote_summaries_all2/3601/s1v5_128_v_tbl_bi1_R215_fixed/summary.json,2e662b6f838b60ed018c0a4aa24ef838d8d4dd672278b82314c4d3903a86ea33
3601,blrv5_nogram_lr0p0006_fixed,1000,42,0.022182464599609375,3.568861246109009,3.591043710708618,/tmp/ngram_gap_remote_summaries_all2/3601/blrv5_nogram_lr0p0006_fixed/summary.json,eca02c36ebf15c4cf1da7fac32462d90f485bd9f9e3aa8c5db468c098e2aa682
3601,nglab1x_reset_e1_v2_fixed,1000,42,0.5639891624450684,3.7767155170440674,4.340704679489136,/tmp/ngram_gap_remote_summaries_all2/3601/nglab1x_reset_e1_v2_fixed/summary.json,0974c7cf172459f5b58381f5c240c67f7fae0bcd54c9ca982e9bcab44b3497ce
3601,s1v5_128_v_tbl_bi1_R10000_fixed,1000,42,0.09270608425140381,3.586141347885132,3.6788474321365356,/tmp/ngram_gap_remote_summaries_all2/3601/s1v5_128_v_tbl_bi1_R10000_fixed/summary.json,103a3983fd8ad0548a6018bb06c10b5619f318065179953c13deab0385b5bf9e
3601,nglab1_5x_input_v5_128x_freq10_fixed,2000,42,3.651792883872986,1.8912718296051025,5.543064713478088,/tmp/ngram_gap_remote_summaries_all2/3601/nglab1_5x_input_v5_128x_freq10_fixed/summary.json,b2040c21d061a0b500453e9d5d5f6bc27d4263ccee5dca9b564303f169709a17
3601,s1v5_128_v_tbl_bi1_R2347000_fixed,1000,42,2.082812190055847,2.4690895080566406,4.551901698112488,/tmp/ngram_gap_remote_summaries_all2/3601/s1v5_128_v_tbl_bi1_R2347000_fixed/summary.json,b9c0c36c712b4c911bc9595e14ed0a14f0366221b382fd69161fff5b69f497a2
3601,optv5f_rms_b099_s32p0_fixed,1000,42,2.646903872489929,2.6370937824249268,5.283997654914856,/tmp/ngram_gap_remote_summaries_all2/3601/optv5f_rms_b099_s32p0_fixed/summary.json,4cfd2b766f4934a4475dadef15a1334178841769a829cccb6966cece7789c95b
3601,s1v5_128_v_tbl_bi1_R494000_fixed,1000,42,1.0251962542533875,2.9801182746887207,4.005314528942108,/tmp/ngram_gap_remote_summaries_all2/3601/s1v5_128_v_tbl_bi1_R494000_fixed/summary.json,23a51d404328c4cc7ecc78c9788f2cbe0f81f7123541b2bdf784f1d26544154c
3601,optv5h_rms_b099_s2p0_warmstart0p5_r2_fixed,1000,42,1.4417622089385986,3.00362491607666,4.445387125015259,/tmp/ngram_gap_remote_summaries_all2/3601/optv5h_rms_b099_s2p0_warmstart0p5_r2_fixed/summary.json,89a8c06680057ddb7c8f9f2f02890989b9b691b350db629c20436cb5aea8d8b1
3601,s1v5_128_v_tbl_bi1_R5_fixed,1000,42,0.029300987720489502,3.5627167224884033,3.592017710208893,/tmp/ngram_gap_remote_summaries_all2/3601/s1v5_128_v_tbl_bi1_R5_fixed/summary.json,7470d0c677773640701ee323486de1b9ba0825f609c29ff41654948914caf9d0
3601,optv5f_rms_b099_s256p0_2k_fixed,2000,42,5.5427327156066895,1.3011592626571655,6.843891978263855,/tmp/ngram_gap_remote_summaries_all2/3601/optv5f_rms_b099_s256p0_2k_fixed/summary.json,1cf4b3a9989b0161a0fc303fbdd7ae81deaa03a0a96bf981dcfd1207b2503450
3601,lrdiag_nogram_warmup_const_fixed,1000,42,0.03220796585083008,6.315314769744873,6.347522735595703,/tmp/ngram_gap_remote_summaries_all2/3601/lrdiag_nogram_warmup_const_fixed/summary.json,c08a4321495f4593fcd190acd00b2d2f60ee2259331e77f5d7c67faccf7c4552
3601,causalv5m_mask_high_t25_e1_128x_fixed,1000,42,2.587823510169983,4.046695232391357,6.63451874256134,/tmp/ngram_gap_remote_summaries_all2/3601/causalv5m_mask_high_t25_e1_128x_fixed/summary.json,948932cbe5b00c39570f844a54cea5a1e0be1045a3b566e5f27427bc9d20fddd
3601,blrv5_nogram_lr0p0020_fixed,1000,42,0.040936827659606934,5.054018497467041,5.094955325126648,/tmp/ngram_gap_remote_summaries_all2/3601/blrv5_nogram_lr0p0020_fixed/summary.json,4ca0602e5a5e68670be027f2a33a6d5ec87864bae8f06ba166db2b389fe8cb35
3601,blrv5_input_lr0p0001_fixed,1000,42,1.9753739833831787,3.115577220916748,5.090951204299927,/tmp/ngram_gap_remote_summaries_all2/3601/blrv5_input_lr0p0001_fixed/summary.json,7008c04a080a5187f8eb4f153cca827d12f453dd3561f59a757ffc12c66227d3
